date,n_long,n_short,long_positions,short_positions,long_threshold,short_threshold,strategy
2020-09-16,2,2,"ETC/USD,XLM/USD...","BTC/USD,ETH/USD...",4142951.5943476,39929934.84955349,Long Low Volume / Short High Volume
2020-09-23,3,3,"BCH/USD,ETC/USD,XLM/USD...","BTC/USD,ETH/USD,UNI/USD...",3490873.552050377,56746012.33559351,Long Low Volume / Short High Volume
2020-09-30,3,3,"BCH/USD,ETC/USD,XLM/USD...","BTC/USD,ETH/USD,LINK/USD...",2897254.5123933195,17069493.194000002,Long Low Volume / Short High Volume
2020-10-07,3,3,"BCH/USD,ETC/USD,XLM/USD...","BTC/USD,ETH/USD,YFI/USD...",2780423.023560928,31714334.286472112,Long Low Volume / Short High Volume
2020-10-14,3,3,"ETC/USD,LTC/USD,XLM/USD...","BTC/USD,ETH/USD,LINK/USD...",3817337.800007816,22677251.7491854,Long Low Volume / Short High Volume
2020-10-21,3,3,"ALGO/USD,ETC/USD,XLM/USD...","BTC/USD,ETH/USD,LINK/USD...",5456923.957256,32784220.7828,Long Low Volume / Short High Volume
2021-01-02,3,3,"AAVE/USD,ETC/USD,FIL/USD...","BTC/USD,ETH/USD,LTC/USD...",8176600.595089003,119991109.95099986,Long Low Volume / Short High Volume
2021-01-09,3,3,"AAVE/USD,ETC/USD,FIL/USD...","BCH/USD,BTC/USD,ETH/USD...",12044701.718725216,159389968.09478962,Long Low Volume / Short High Volume
2021-01-16,3,3,"ALGO/USD,ETC/USD,FIL/USD...","BTC/USD,ETH/USD,LINK/USD...",28123227.253734365,198046443.9323645,Long Low Volume / Short High Volume
2021-01-23,3,3,"ALGO/USD,ETC/USD,FIL/USD...","BTC/USD,ETH/USD,LINK/USD...",20764982.1708,182924902.6537314,Long Low Volume / Short High Volume
2021-01-30,3,3,"BCH/USD,ETC/USD,FIL/USD...","BTC/USD,ETH/USD,XLM/USD...",25085374.87287784,208694528.700106,Long Low Volume / Short High Volume
2021-02-06,3,3,"ALGO/USD,ETC/USD,FIL/USD...","BTC/USD,ETH/USD,XLM/USD...",50497583.7855,150289947.727194,Long Low Volume / Short High Volume
2021-02-13,3,3,"AAVE/USD,ETC/USD,FIL/USD...","BTC/USD,ETH/USD,XLM/USD...",125596478.32707743,324941469.723329,Long Low Volume / Short High Volume
2021-02-20,3,3,"AAVE/USD,ETC/USD,FIL/USD...","BTC/USD,ETH/USD,GRT/USD...",85993978.176246,238715515.485264,Long Low Volume / Short High Volume
2021-02-27,3,3,"AAVE/USD,ETC/USD,FIL/USD...","BTC/USD,ETH/USD,XLM/USD...",16736241.639216002,142855663.60345,Long Low Volume / Short High Volume
2021-03-06,3,3,"AAVE/USD,ETC/USD,FIL/USD...","BTC/USD,ETH/USD,LTC/USD...",12317027.604516,49472276.2779631,Long Low Volume / Short High Volume
2021-03-13,3,3,"AAVE/USD,ETC/USD,FIL/USD...","BTC/USD,ETH/USD,LTC/USD...",37056067.50070201,91181875.65407059,Long Low Volume / Short High Volume
2021-03-20,3,3,"AAVE/USD,ETC/USD,SUSHI/USD...","ADA/USD,BTC/USD,ETH/USD...",13974160.953872401,111845215.30207202,Long Low Volume / Short High Volume
2021-03-27,4,4,"AAVE/USD,BCH/USD,ETC/USD,SUSHI/USD...","ANKR/USD,BTC/USD,ETH/USD,STORJ/USD...",16020612.597753799,185105557.12475327,Long Low Volume / Short High Volume
2021-04-03,4,4,"AAVE/USD,CRV/USD,ETC/USD,SUSHI/USD...","BTC/USD,ETH/USD,FIL/USD,LTC/USD...",15033497.4317896,61695239.61532167,Long Low Volume / Short High Volume
2021-04-10,4,4,"AAVE/USD,CRV/USD,SKL/USD,SUSHI/USD...","BTC/USD,ETH/USD,LTC/USD,XLM/USD...",16283136.449909018,112961026.5350449,Long Low Volume / Short High Volume
2021-04-17,4,4,"AAVE/USD,CRV/USD,STORJ/USD,SUSHI/USD...","BTC/USD,ETC/USD,ETH/USD,LTC/USD...",26224089.758536004,218674150.3931882,Long Low Volume / Short High Volume
2021-04-24,4,4,"CRV/USD,MANA/USD,SKL/USD,SUSHI/USD...","ADA/USD,BTC/USD,ETH/USD,LTC/USD...",10041545.340692,67347439.3578812,Long Low Volume / Short High Volume
2021-05-01,4,4,"CRV/USD,FIL/USD,MANA/USD,SUSHI/USD...","BTC/USD,ETC/USD,ETH/USD,LINK/USD...",20298374.7521364,83892040.44858253,Long Low Volume / Short High Volume
2021-05-08,5,5,"CRV/USD,MANA/USD,NKN/USD,RLC/USD,SKL/USD...","BTC/USD,CTSI/USD,ETC/USD,ETH/USD,LTC/USD...",17776078.232108798,155449048.97771865,Long Low Volume / Short High Volume
2021-05-15,5,5,"CRV/USD,CTSI/USD,MANA/USD,SKL/USD,STORJ/USD...","ADA/USD,BTC/USD,ETC/USD,ETH/USD,XLM/USD...",22707451.587659,190448650.54068738,Long Low Volume / Short High Volume
2021-05-22,5,5,"CTSI/USD,MANA/USD,NKN/USD,SKL/USD,STORJ/USD...","ADA/USD,BTC/USD,ETH/USD,LINK/USD,LTC/USD...",10199448.955806,110822845.95464729,Long Low Volume / Short High Volume
2021-05-29,5,5,"CRV/USD,CTSI/USD,MANA/USD,RLC/USD,STORJ/USD...","ADA/USD,BTC/USD,ETH/USD,LINK/USD,LTC/USD...",15232352.348666802,106491053.77334471,Long Low Volume / Short High Volume
2021-06-05,5,5,"CTSI/USD,MANA/USD,RLC/USD,SKL/USD,STORJ/USD...","ADA/USD,BTC/USD,DOGE/USD,ETH/USD,LINK/USD...",7027290.645169999,57282317.781484395,Long Low Volume / Short High Volume
2021-06-12,5,5,"CTSI/USD,MANA/USD,NKN/USD,RLC/USD,STORJ/USD...","ADA/USD,BTC/USD,ETH/USD,ICP/USD,LINK/USD...",8281760.590086001,43913908.841365345,Long Low Volume / Short High Volume
2021-06-19,6,6,"CRV/USD,CTSI/USD,MANA/USD,NKN/USD,STORJ/USD...","ADA/USD,AMP/USD,BTC/USD,ETH/USD,ICP/USD...",3484086.625848,32089154.259191662,Long Low Volume / Short High Volume
2021-06-26,6,6,"CRV/USD,MANA/USD,NKN/USD,RLC/USD,SKL/USD...","ADA/USD,BTC/USD,DOGE/USD,ETH/USD,ICP/USD...",4807304.223456001,30016228.214685794,Long Low Volume / Short High Volume
2021-07-03,6,6,"CRV/USD,CTSI/USD,MANA/USD,RLC/USD,SKL/USD...","ADA/USD,BTC/USD,ETH/USD,GRT/USD,ICP/USD...",2497061.114912,24200980.92802042,Long Low Volume / Short High Volume
2021-07-10,6,6,"ANKR/USD,CRV/USD,NKN/USD,QNT/USD,RLC/USD...","ADA/USD,BTC/USD,ETH/USD,ICP/USD,LINK/USD...",2972754.12617928,21707106.949250042,Long Low Volume / Short High Volume
2021-07-17,6,6,"CRV/USD,CTSI/USD,QNT/USD,RLC/USD,SKL/USD...","ADA/USD,BTC/USD,DOGE/USD,ETH/USD,ICP/USD...",2363696.98912152,20161400.776037283,Long Low Volume / Short High Volume
2021-07-24,6,6,"CRV/USD,CTSI/USD,NKN/USD,QNT/USD,RLC/USD...","ADA/USD,BTC/USD,DOGE/USD,ETH/USD,ICP/USD...",3388207.961568,30059314.87557961,Long Low Volume / Short High Volume
2021-07-31,6,6,"ANKR/USD,CRV/USD,CTSI/USD,MANA/USD,QNT/USD...","ADA/USD,BTC/USD,ETH/USD,LINK/USD,SOL/USD...",5141283.341128001,27939712.999114707,Long Low Volume / Short High Volume
2021-08-07,6,6,"CRV/USD,CTSI/USD,FET/USD,MANA/USD,NKN/USD...","ADA/USD,BTC/USD,DOGE/USD,ETH/USD,ICP/USD...",6302791.795856001,61251041.85526562,Long Low Volume / Short High Volume
2021-08-14,7,7,"CRV/USD,CTSI/USD,FET/USD,MANA/USD,NKN/USD...","ADA/USD,BTC/USD,DOGE/USD,ETH/USD,ICP/USD...",6311191.738698,43866224.41204801,Long Low Volume / Short High Volume
2021-08-21,7,7,"CRV/USD,CTSI/USD,IOTX/USD,NKN/USD,RLC/USD...","ADA/USD,BTC/USD,DOGE/USD,DOT/USD,ETH/USD...",6148026.388088,43554025.63005201,Long Low Volume / Short High Volume
2021-08-28,7,7,"CRV/USD,CTSI/USD,FET/USD,MANA/USD,QNT/USD...","ADA/USD,BTC/USD,DOGE/USD,ETH/USD,ICP/USD...",5810557.546998001,38006090.50133562,Long Low Volume / Short High Volume
2021-09-04,7,7,"AAVE/USD,CRV/USD,CTSI/USD,FET/USD,MANA/USD...","ADA/USD,BTC/USD,DOGE/USD,ETH/USD,ICP/USD...",12897639.122052003,80050624.37226301,Long Low Volume / Short High Volume
2021-09-11,7,7,"COTI/USD,CTSI/USD,MANA/USD,NKN/USD,REQ/USD...","ADA/USD,ALGO/USD,BTC/USD,ETH/USD,QNT/USD...",4245783.792760001,87634589.99654803,Long Low Volume / Short High Volume
2021-09-18,7,7,"AXS/USD,CTSI/USD,IOTX/USD,MANA/USD,NKN/USD...","ADA/USD,ALGO/USD,BTC/USD,DOT/USD,ETH/USD...",3333456.3068540003,69639041.83491004,Long Low Volume / Short High Volume
2021-09-25,7,7,"ANKR/USD,AXS/USD,MANA/USD,NKN/USD,REQ/USD...","ADA/USD,BTC/USD,COTI/USD,DOT/USD,ETH/USD...",3828469.1486160005,55838244.153597325,Long Low Volume / Short High Volume
2021-10-02,8,8,"ANKR/USD,CTSI/USD,IOTX/USD,MANA/USD,NKN/USD...","ADA/USD,ALGO/USD,AXS/USD,BTC/USD,DOT/USD...",7343429.004535,59023840.092438,Long Low Volume / Short High Volume
2021-10-09,8,8,"ANKR/USD,CTSI/USD,MANA/USD,NKN/USD,REQ/USD...","ADA/USD,BTC/USD,DOT/USD,ETH/USD,LINK/USD...",6611966.758688,69144287.19412799,Long Low Volume / Short High Volume
2021-10-16,8,8,"ANKR/USD,COTI/USD,CRV/USD,CTSI/USD,IOTX/USD...","ADA/USD,BTC/USD,DOT/USD,ETH/USD,NKN/USD...",8111335.152337999,99306899.19203293,Long Low Volume / Short High Volume
2021-10-23,8,8,"ANKR/USD,COTI/USD,CTSI/USD,IOTX/USD,MANA/USD...","ADA/USD,BTC/USD,DOGE/USD,DOT/USD,ETH/USD...",5713855.16465,58432850.683948,Long Low Volume / Short High Volume
2021-10-30,3,3,"AAVE/USD,BCH/USD,ETC/USD...","BTC/USD,ETH/USD,XLM/USD...",11579105.836310912,64748235.476298,Long Low Volume / Short High Volume
2021-11-06,3,3,"AAVE/USD,BCH/USD,ETC/USD...","BTC/USD,ETH/USD,LINK/USD...",11362046.059,61937261.013971,Long Low Volume / Short High Volume
2021-11-13,3,3,"BCH/USD,ETC/USD,FIL/USD...","BTC/USD,ETH/USD,LTC/USD...",11549979.394806257,114230026.94241346,Long Low Volume / Short High Volume
2021-11-20,3,3,"AAVE/USD,ETC/USD,GRT/USD...","BTC/USD,ETH/USD,LTC/USD...",9674134.737688,79506218.64684667,Long Low Volume / Short High Volume
2021-11-27,3,3,"AAVE/USD,BCH/USD,ETC/USD...","BTC/USD,ETH/USD,GRT/USD...",9763472.28431,91145904.38712,Long Low Volume / Short High Volume
2021-12-04,3,3,"AAVE/USD,ETC/USD,GRT/USD...","BTC/USD,ETH/USD,LINK/USD...",27709260.32258865,174288917.0195952,Long Low Volume / Short High Volume
2021-12-11,3,3,"AAVE/USD,ETC/USD,GRT/USD...","BTC/USD,ETH/USD,LINK/USD...",9271970.2625,62431159.5468,Long Low Volume / Short High Volume
2021-12-18,3,3,"BCH/USD,ETC/USD,GRT/USD...","BTC/USD,ETH/USD,LINK/USD...",10291103.923782,76985128.59200001,Long Low Volume / Short High Volume
2021-12-25,3,3,"BCH/USD,ETC/USD,GRT/USD...","BTC/USD,ETH/USD,LINK/USD...",6506540.932229999,34341057.5648,Long Low Volume / Short High Volume
2022-01-01,3,3,"BCH/USD,ETC/USD,GRT/USD...","BTC/USD,ETH/USD,LINK/USD...",9036418.380341,43297562.54,Long Low Volume / Short High Volume
2022-01-08,3,3,"BCH/USD,ETC/USD,FIL/USD...","BTC/USD,ETH/USD,LINK/USD...",15555971.0511,142977743.0216,Long Low Volume / Short High Volume
2022-01-15,3,3,"BCH/USD,ETC/USD,GRT/USD...","BTC/USD,ETH/USD,LINK/USD...",4653012.092868,45457476.2499,Long Low Volume / Short High Volume
2022-01-22,3,3,"BCH/USD,ETC/USD,GRT/USD...","BTC/USD,ETH/USD,LINK/USD...",19378380.581273656,136035240.8272,Long Low Volume / Short High Volume
2022-01-29,3,3,"AAVE/USD,BCH/USD,ETC/USD...","BTC/USD,ETH/USD,LINK/USD...",4727446.93344,41281046.81119999,Long Low Volume / Short High Volume
2022-02-05,3,3,"AAVE/USD,ETC/USD,GRT/USD...","BTC/USD,ETH/USD,LINK/USD...",8668777.533403,60586026.18969999,Long Low Volume / Short High Volume
2022-02-12,3,3,"AAVE/USD,ETC/USD,GRT/USD...","BTC/USD,ETH/USD,LINK/USD...",6427899.587405999,47595553.0955,Long Low Volume / Short High Volume
2022-02-19,3,3,"AAVE/USD,BCH/USD,ETC/USD...","BTC/USD,ETH/USD,LINK/USD...",3934232.52181391,39410508.9984,Long Low Volume / Short High Volume
2022-02-26,3,3,"AAVE/USD,ETC/USD,FIL/USD...","BTC/USD,ETH/USD,LINK/USD...",6087591.382624735,33225093.8816,Long Low Volume / Short High Volume
2022-03-05,3,3,"BCH/USD,ETC/USD,GRT/USD...","BTC/USD,ETH/USD,LINK/USD...",3256942.209003691,16688841.680000002,Long Low Volume / Short High Volume
2022-03-12,3,3,"BCH/USD,ETC/USD,GRT/USD...","BTC/USD,ETH/USD,XLM/USD...",4863591.392973402,19731477.52905,Long Low Volume / Short High Volume
2022-03-19,3,3,"BCH/USD,GRT/USD,XLM/USD...","APE/USD,BTC/USD,ETH/USD...",14171740.523544,136515140.0232229,Long Low Volume / Short High Volume
2022-03-26,3,3,"BCH/USD,FIL/USD,GRT/USD...","APE/USD,BTC/USD,ETH/USD...",6958601.490539034,49631632.652992025,Long Low Volume / Short High Volume
2022-04-02,3,3,"BCH/USD,ETC/USD,FIL/USD...","APE/USD,BTC/USD,ETH/USD...",13855970.2085708,32438247.0880016,Long Low Volume / Short High Volume
2022-04-09,3,3,"BCH/USD,FIL/USD,GRT/USD...","BTC/USD,ETH/USD,LTC/USD...",4570439.639992001,11658920.733519992,Long Low Volume / Short High Volume
2022-04-16,3,3,"AAVE/USD,BCH/USD,GRT/USD...","APE/USD,BTC/USD,ETH/USD...",3523761.9999747034,19304195.81898953,Long Low Volume / Short High Volume
2022-04-23,3,3,"AAVE/USD,BCH/USD,ETC/USD...","APE/USD,BTC/USD,ETH/USD...",3338560.386864,107961857.57350409,Long Low Volume / Short High Volume
2022-04-30,3,3,"AAVE/USD,BCH/USD,ETC/USD...","APE/USD,BTC/USD,ETH/USD...",7759100.484389801,212282279.05303177,Long Low Volume / Short High Volume
2022-05-07,3,3,"BCH/USD,ETC/USD,GRT/USD...","APE/USD,BTC/USD,ETH/USD...",3882860.6892608,45230785.159232005,Long Low Volume / Short High Volume
2022-05-14,3,3,"AAVE/USD,ETC/USD,FIL/USD...","APE/USD,BTC/USD,ETH/USD...",7770039.978325601,47676368.02767952,Long Low Volume / Short High Volume
2022-05-21,3,3,"BCH/USD,ETC/USD,FIL/USD...","ALGO/USD,BTC/USD,ETH/USD...",2607651.4459734834,14037526.165124001,Long Low Volume / Short High Volume
2022-05-28,3,3,"BCH/USD,ETC/USD,FIL/USD...","BTC/USD,ETH/USD,LINK/USD...",2740259.3507396,30783285.174000017,Long Low Volume / Short High Volume
2022-06-04,3,3,"BCH/USD,ETC/USD,FIL/USD...","BTC/USD,ETH/USD,LINK/USD...",2520200.1849198537,47771483.68213963,Long Low Volume / Short High Volume
2022-06-11,3,3,"ETC/USD,FIL/USD,GRT/USD...","BTC/USD,ETH/USD,LINK/USD...",4721638.654926716,41552882.220246136,Long Low Volume / Short High Volume
2022-06-18,3,3,"ETC/USD,FIL/USD,GRT/USD...","BTC/USD,ETH/USD,LINK/USD...",5504154.830920188,37132292.18232408,Long Low Volume / Short High Volume
2022-06-25,3,3,"ETC/USD,FIL/USD,GRT/USD...","BTC/USD,ETH/USD,LTC/USD...",3218619.611536001,16935269.957889494,Long Low Volume / Short High Volume
2022-07-02,3,3,"ETC/USD,FIL/USD,GRT/USD...","BTC/USD,ETH/USD,LTC/USD...",1417360.8876866098,10620098.765634669,Long Low Volume / Short High Volume
2022-07-09,3,3,"ETC/USD,FIL/USD,GRT/USD...","AAVE/USD,BTC/USD,ETH/USD...",2519323.1476222696,13751479.817281503,Long Low Volume / Short High Volume
2022-07-16,3,3,"BCH/USD,FIL/USD,GRT/USD...","BTC/USD,ETH/USD,LINK/USD...",3535821.303795865,13987766.60203125,Long Low Volume / Short High Volume
2022-07-23,3,3,"BCH/USD,FIL/USD,GRT/USD...","BTC/USD,ETC/USD,ETH/USD...",4433988.085509433,17490954.95432796,Long Low Volume / Short High Volume
2022-07-30,3,3,"AAVE/USD,BCH/USD,GRT/USD...","BTC/USD,ETH/USD,FIL/USD...",9196045.413550802,37944993.2157024,Long Low Volume / Short High Volume
2022-08-06,3,3,"AAVE/USD,BCH/USD,GRT/USD...","BTC/USD,ETH/USD,FIL/USD...",4862410.806856066,20821844.14572196,Long Low Volume / Short High Volume
2022-08-13,3,3,"AAVE/USD,BCH/USD,GRT/USD...","BTC/USD,ETC/USD,ETH/USD...",4816237.9208856,15718345.904335184,Long Low Volume / Short High Volume
2022-08-20,3,3,"BCH/USD,GRT/USD,XLM/USD...","BTC/USD,ETH/USD,LINK/USD...",6017946.1912836,16412169.063708084,Long Low Volume / Short High Volume
2022-08-27,3,3,"BCH/USD,FIL/USD,GRT/USD...","BTC/USD,ETH/USD,LTC/USD...",4256646.259072,11758623.840245286,Long Low Volume / Short High Volume
2022-09-03,3,3,"APE/USD,ETC/USD,GRT/USD...","BTC/USD,ETH/USD,LTC/USD...",2017034.195822199,14120633.250767726,Long Low Volume / Short High Volume
2022-09-10,3,3,"AAVE/USD,BCH/USD,GRT/USD...","BTC/USD,ETH/USD,LINK/USD...",5156961.579191999,19295924.668027353,Long Low Volume / Short High Volume
2022-09-17,3,3,"AAVE/USD,BCH/USD,GRT/USD...","BTC/USD,ETH/USD,LINK/USD...",2377080.4881033464,14726081.214220004,Long Low Volume / Short High Volume
2022-09-24,3,3,"AAVE/USD,BCH/USD,GRT/USD...","BTC/USD,ETH/USD,LINK/USD...",2828659.153017231,19352822.519520003,Long Low Volume / Short High Volume
2022-10-01,3,3,"AAVE/USD,ETC/USD,GRT/USD...","BTC/USD,ETH/USD,XLM/USD...",2279214.444488,14877046.482874403,Long Low Volume / Short High Volume
2022-10-08,3,3,"AAVE/USD,FIL/USD,GRT/USD...","BTC/USD,ETH/USD,XLM/USD...",1280785.8983146227,11277900.726572003,Long Low Volume / Short High Volume
2022-10-15,3,3,"AAVE/USD,BCH/USD,GRT/USD...","BTC/USD,ETH/USD,LINK/USD...",1978572.666928,6774029.781134001,Long Low Volume / Short High Volume
2022-10-22,3,3,"BCH/USD,FIL/USD,GRT/USD...","BTC/USD,ETH/USD,LTC/USD...",1742790.023921983,5231794.428102287,Long Low Volume / Short High Volume
2022-10-29,3,3,"BCH/USD,ETC/USD,GRT/USD...","BTC/USD,ETH/USD,LINK/USD...",4188310.0136756008,26528169.38622,Long Low Volume / Short High Volume
2022-11-05,3,3,"BCH/USD,ETC/USD,FIL/USD...","ALGO/USD,BTC/USD,ETH/USD...",6623977.091108001,30145376.14425,Long Low Volume / Short High Volume
2022-11-12,3,3,"BCH/USD,ETC/USD,GRT/USD...","BTC/USD,ETH/USD,LINK/USD...",1884634.4513212831,30188782.07612,Long Low Volume / Short High Volume
2022-11-19,3,3,"AAVE/USD,ETC/USD,GRT/USD...","ALGO/USD,BTC/USD,ETH/USD...",1103539.351538,16824684.24918,Long Low Volume / Short High Volume
2022-11-26,3,3,"BCH/USD,ETC/USD,GRT/USD...","BTC/USD,ETH/USD,LINK/USD...",2419640.701511068,24175882.64208,Long Low Volume / Short High Volume
2022-12-03,3,3,"BCH/USD,ETC/USD,GRT/USD...","BTC/USD,ETH/USD,LINK/USD...",1404419.7836818658,14378757.4328,Long Low Volume / Short High Volume
2022-12-10,3,3,"AAVE/USD,BCH/USD,ETC/USD...","BTC/USD,ETH/USD,LTC/USD...",1407680.7056501573,10868888.317012727,Long Low Volume / Short High Volume
2022-12-17,3,3,"AAVE/USD,ETC/USD,GRT/USD...","BTC/USD,ETH/USD,LTC/USD...",1661200.44006,20748045.159093924,Long Low Volume / Short High Volume
2022-12-24,3,3,"AAVE/USD,ETC/USD,GRT/USD...","BTC/USD,ETH/USD,LTC/USD...",914402.90842,5264063.876051189,Long Low Volume / Short High Volume
2022-12-31,3,3,"BCH/USD,ETC/USD,GRT/USD...","BTC/USD,ETH/USD,LTC/USD...",1905439.25021753,12498372.50116216,Long Low Volume / Short High Volume
2023-01-07,3,3,"AAVE/USD,BCH/USD,GRT/USD...","BTC/USD,ETH/USD,LTC/USD...",2338068.04056,10775370.39838743,Long Low Volume / Short High Volume
2023-01-14,3,3,"BCH/USD,ETC/USD,GRT/USD...","BTC/USD,ETH/USD,LTC/USD...",9494903.5658449,49850873.79328414,Long Low Volume / Short High Volume
2023-01-21,3,3,"BCH/USD,ETC/USD,GRT/USD...","BTC/USD,ETH/USD,LINK/USD...",5403209.7042000005,23081152.55831,Long Low Volume / Short High Volume
2023-01-28,3,3,"BCH/USD,ETC/USD,GRT/USD...","BTC/USD,ETH/USD,LINK/USD...",3182491.861308,12186604.67202,Long Low Volume / Short High Volume
2023-02-04,3,3,"BCH/USD,FIL/USD,XLM/USD...","BTC/USD,ETH/USD,LTC/USD...",3768187.36176,10246534.191377029,Long Low Volume / Short High Volume
2023-02-11,3,3,"BCH/USD,ETC/USD,XLM/USD...","BTC/USD,ETH/USD,GRT/USD...",2658193.85323,11258090.117183998,Long Low Volume / Short High Volume
2023-02-18,3,3,"BCH/USD,ETC/USD,XLM/USD...","BTC/USD,ETH/USD,LINK/USD...",6311140.027087,30971517.25352,Long Low Volume / Short High Volume
2023-02-25,3,3,"BCH/USD,ETC/USD,GRT/USD...","BTC/USD,ETH/USD,LINK/USD...",3832603.364308017,15840395.9082,Long Low Volume / Short High Volume
2023-03-04,3,3,"ALGO/USD,BCH/USD,ETC/USD...","BTC/USD,ETH/USD,FIL/USD...",1242267.4125001645,5585404.797428001,Long Low Volume / Short High Volume
2023-03-11,3,3,"AAVE/USD,BCH/USD,GRT/USD...","BTC/USD,ETH/USD,LTC/USD...",4499154.654824073,23579424.404213823,Long Low Volume / Short High Volume
2023-03-18,3,3,"AAVE/USD,ALGO/USD,BCH/USD...","BTC/USD,ETH/USD,LTC/USD...",6858977.407339999,16781469.66906244,Long Low Volume / Short High Volume
2023-03-25,3,3,"AAVE/USD,ALGO/USD,ETC/USD...","BTC/USD,ETH/USD,LTC/USD...",2552678.29536,13406126.069991143,Long Low Volume / Short High Volume
2023-04-01,3,3,"AAVE/USD,ETC/USD,GRT/USD...","BTC/USD,ETH/USD,LTC/USD...",2326914.830733,15377809.346434828,Long Low Volume / Short High Volume
2023-04-08,3,3,"BCH/USD,ETC/USD,GRT/USD...","BTC/USD,ETH/USD,LTC/USD...",1300290.027888,4986361.692211816,Long Low Volume / Short High Volume
2023-04-15,3,3,"AAVE/USD,BCH/USD,ETC/USD...","BTC/USD,ETH/USD,LINK/USD...",2802416.07372,16763078.58995,Long Low Volume / Short High Volume
2023-04-22,3,3,"AAVE/USD,BCH/USD,FIL/USD...","BTC/USD,ETH/USD,LTC/USD...",1464635.594744,8840670.694379503,Long Low Volume / Short High Volume
2023-04-29,3,3,"AAVE/USD,ALGO/USD,ETC/USD...","BTC/USD,ETH/USD,LTC/USD...",1250863.6338,10829566.348087093,Long Low Volume / Short High Volume
2023-05-06,3,3,"AAVE/USD,BCH/USD,ETC/USD...","BTC/USD,ETH/USD,LTC/USD...",1972596.0498,17095506.15660671,Long Low Volume / Short High Volume
2023-05-13,3,3,"AAVE/USD,ALGO/USD,ETC/USD...","BTC/USD,ETH/USD,LTC/USD...",848414.85242,7579752.991450056,Long Low Volume / Short High Volume
2023-05-20,3,3,"AAVE/USD,ETC/USD,FIL/USD...","BTC/USD,ETH/USD,LTC/USD...",1046833.78992,8744644.278388863,Long Low Volume / Short High Volume
2023-05-27,3,3,"AAVE/USD,ETC/USD,FIL/USD...","BTC/USD,ETH/USD,LTC/USD...",577623.81824,7335384.826317098,Long Low Volume / Short High Volume
2023-06-03,3,3,"ALGO/USD,BCH/USD,ETC/USD...","BTC/USD,ETH/USD,LTC/USD...",913515.53557,11737204.87345524,Long Low Volume / Short High Volume
2023-06-10,3,3,"AAVE/USD,ETC/USD,GRT/USD...","BTC/USD,ETH/USD,LTC/USD...",6875485.910118001,38350946.97906056,Long Low Volume / Short High Volume
2023-06-17,3,3,"AAVE/USD,BCH/USD,ETC/USD...","BTC/USD,ETH/USD,LTC/USD...",1255540.3829602257,7412801.842939526,Long Low Volume / Short High Volume
2023-06-24,3,3,"AAVE/USD,ALGO/USD,FIL/USD...","BCH/USD,BTC/USD,ETH/USD...",1957377.26048,59109291.47493206,Long Low Volume / Short High Volume
2023-07-01,3,3,"ALGO/USD,FIL/USD,GRT/USD...","BTC/USD,ETH/USD,LTC/USD...",2907879.752024,52037046.081486,Long Low Volume / Short High Volume
2023-07-08,3,3,"ALGO/USD,ETC/USD,FIL/USD...","BCH/USD,BTC/USD,ETH/USD...",1784015.57821,15076369.265209757,Long Low Volume / Short High Volume
2023-07-15,3,3,"ALGO/USD,ETC/USD,FIL/USD...","BTC/USD,ETH/USD,XLM/USD...",2324939.22342,17201710.47555,Long Low Volume / Short High Volume
2023-07-22,3,3,"AAVE/USD,ETC/USD,GRT/USD...","BTC/USD,ETH/USD,LINK/USD...",1461041.294112,16302933.24758,Long Low Volume / Short High Volume
2023-07-29,3,3,"ETC/USD,FIL/USD,GRT/USD...","BTC/USD,ETH/USD,LTC/USD...",1098035.1178040002,10236050.910639867,Long Low Volume / Short High Volume
2023-08-05,3,3,"ALGO/USD,ETC/USD,FIL/USD...","BTC/USD,ETH/USD,LTC/USD...",1367272.9773999995,8667412.077660095,Long Low Volume / Short High Volume
2023-08-12,3,3,"AAVE/USD,ETC/USD,GRT/USD...","BTC/USD,ETH/USD,LTC/USD...",378369.86355000007,3893478.338353301,Long Low Volume / Short High Volume
2023-08-19,3,3,"AAVE/USD,ETC/USD,FIL/USD...","BTC/USD,ETH/USD,LTC/USD...",636974.71887,9947683.421774792,Long Low Volume / Short High Volume
2023-08-26,3,3,"AAVE/USD,ETC/USD,GRT/USD...","BTC/USD,ETH/USD,LTC/USD...",384920.514396,3860588.625583633,Long Low Volume / Short High Volume
2023-09-02,3,3,"AAVE/USD,ETC/USD,GRT/USD...","BTC/USD,ETH/USD,LTC/USD...",472923.9024,5625923.886659556,Long Low Volume / Short High Volume
2023-09-09,3,3,"AAVE/USD,ETC/USD,GRT/USD...","BTC/USD,ETH/USD,XLM/USD...",453220.404,12023583.890988002,Long Low Volume / Short High Volume
2023-09-16,3,3,"ALGO/USD,ETC/USD,GRT/USD...","BCH/USD,BTC/USD,ETH/USD...",913101.181976,7950232.331184922,Long Low Volume / Short High Volume
2023-09-23,3,3,"ALGO/USD,ETC/USD,GRT/USD...","BTC/USD,ETH/USD,LINK/USD...",586032.18036,17369070.78438,Long Low Volume / Short High Volume
2023-09-30,3,3,"ALGO/USD,FIL/USD,GRT/USD...","BTC/USD,ETH/USD,LINK/USD...",1066326.148608,19741782.9609,Long Low Volume / Short High Volume
2023-10-07,3,3,"ALGO/USD,ETC/USD,GRT/USD...","BTC/USD,ETH/USD,LINK/USD...",324595.89,3966835.33551,Long Low Volume / Short High Volume
2023-10-14,3,3,"ALGO/USD,ETC/USD,GRT/USD...","BTC/USD,ETH/USD,LINK/USD...",335843.00904000003,3436261.6326,Long Low Volume / Short High Volume
2023-10-21,3,3,"ETC/USD,FIL/USD,GRT/USD...","BTC/USD,ETH/USD,LINK/USD...",987882.732521,48793498.56734999,Long Low Volume / Short High Volume
2023-10-28,3,3,"ALGO/USD,ETC/USD,FIL/USD...","BTC/USD,ETH/USD,LINK/USD...",994838.24817,46728295.46455,Long Low Volume / Short High Volume
2023-11-04,3,3,"ALGO/USD,ETC/USD,FIL/USD...","BTC/USD,ETH/USD,LINK/USD...",1802075.708966,27151429.39933,Long Low Volume / Short High Volume
2023-11-11,3,3,"ALGO/USD,BCH/USD,ETC/USD...","BTC/USD,ETH/USD,LINK/USD...",6605112.002934597,106818164.55825,Long Low Volume / Short High Volume
2023-11-18,3,3,"ALGO/USD,ETC/USD,GRT/USD...","BTC/USD,ETH/USD,LINK/USD...",1960167.180625,24162669.7935,Long Low Volume / Short High Volume
2023-11-25,3,3,"ALGO/USD,BCH/USD,ETC/USD...","BTC/USD,ETH/USD,LINK/USD...",1593593.29891,22615971.39096,Long Low Volume / Short High Volume
2023-12-02,3,3,"ALGO/USD,ETC/USD,GRT/USD...","BTC/USD,ETH/USD,LINK/USD...",3164813.5394400004,48264120.96,Long Low Volume / Short High Volume
2023-12-09,3,3,"ETC/USD,FIL/USD,GRT/USD...","BTC/USD,ETH/USD,LINK/USD...",6022483.29616,67396286.682,Long Low Volume / Short High Volume
2023-12-16,3,3,"BCH/USD,ETC/USD,GRT/USD...","BTC/USD,ETH/USD,FIL/USD...",2993607.848794,31714547.882500004,Long Low Volume / Short High Volume
2023-12-23,3,3,"BCH/USD,ETC/USD,XLM/USD...","BTC/USD,ETH/USD,LINK/USD...",4144400.280152,31788848.2941,Long Low Volume / Short High Volume
2023-12-30,3,3,"ALGO/USD,ETC/USD,GRT/USD...","BCH/USD,BTC/USD,ETH/USD...",4626320.166509878,25276717.87694273,Long Low Volume / Short High Volume
2024-01-06,3,3,"AAVE/USD,ALGO/USD,ETC/USD...","BTC/USD,ETH/USD,TIA/USD...",4807275.685968569,24567884.12326601,Long Low Volume / Short High Volume
2024-01-13,3,3,"AAVE/USD,ALGO/USD,GRT/USD...","BONK/USD,BTC/USD,ETH/USD...",4004966.4374320004,37048290.730413765,Long Low Volume / Short High Volume
2024-01-20,3,3,"ALGO/USD,BCH/USD,FIL/USD...","BTC/USD,ETH/USD,LINK/USD...",2922796.5230128,27800887.59290451,Long Low Volume / Short High Volume
2024-01-27,3,3,"AAVE/USD,ALGO/USD,ETC/USD...","BTC/USD,ETH/USD,ONDO/USD...",2169998.5762064285,11803874.546928,Long Low Volume / Short High Volume
2024-02-03,3,3,"AAVE/USD,ALGO/USD,GRT/USD...","BTC/USD,ETH/USD,LINK/USD...",2454718.58868982,17392728.191352006,Long Low Volume / Short High Volume
2024-02-10,3,3,"AERO/USD,ALGO/USD,ETC/USD...","BONK/USD,BTC/USD,ETH/USD...",2327870.221344,24587172.171688035,Long Low Volume / Short High Volume
2024-02-17,3,3,"AAVE/USD,AERO/USD,ALGO/USD...","BTC/USD,ETH/USD,LINK/USD...",3205428.227002158,20711327.099976804,Long Low Volume / Short High Volume
2024-02-24,3,3,"AERO/USD,ALGO/USD,ETC/USD...","BTC/USD,ETH/USD,FIL/USD...",4219590.385368819,15290738.847750604,Long Low Volume / Short High Volume
2024-03-02,3,3,"AAVE/USD,ONDO/USD,TIA/USD...","BCH/USD,BTC/USD,ETH/USD...",9287339.015912,89986166.54499975,Long Low Volume / Short High Volume
2024-03-09,3,3,"AAVE/USD,ALGO/USD,ETC/USD...","BONK/USD,BTC/USD,ETH/USD...",7720503.77115863,45726960.30935421,Long Low Volume / Short High Volume
2024-03-16,3,3,"AAVE/USD,AERO/USD,ETC/USD...","BONK/USD,BTC/USD,ETH/USD...",6134190.630948,41253854.20273029,Long Low Volume / Short High Volume
2024-03-23,3,3,"AAVE/USD,ALGO/USD,ETC/USD...","BCH/USD,BTC/USD,ETH/USD...",4873646.182049201,31893795.42964769,Long Low Volume / Short High Volume
2024-03-30,3,3,"AAVE/USD,ALGO/USD,GRT/USD...","BONK/USD,BTC/USD,ETH/USD...",5207741.951016727,38558551.115582585,Long Low Volume / Short High Volume
2024-04-06,3,3,"ALGO/USD,GRT/USD,TIA/USD...","BCH/USD,BTC/USD,ETH/USD...",2958888.506410336,24033027.699273963,Long Low Volume / Short High Volume
2024-04-13,3,3,"AAVE/USD,ALGO/USD,GRT/USD...","BTC/USD,ETH/USD,ONDO/USD...",17200374.5460724,73484950.95095405,Long Low Volume / Short High Volume
2024-04-20,3,3,"AAVE/USD,ALGO/USD,ETC/USD...","BONK/USD,BTC/USD,ETH/USD...",5644562.947280196,32149818.30546973,Long Low Volume / Short High Volume
2024-04-27,3,3,"AAVE/USD,ALGO/USD,TIA/USD...","BONK/USD,BTC/USD,ETH/USD...",3856506.2659776,27632519.265065625,Long Low Volume / Short High Volume
2024-05-04,3,3,"AAVE/USD,ALGO/USD,ETC/USD...","BONK/USD,BTC/USD,ETH/USD...",3007061.6816485636,24215239.926349588,Long Low Volume / Short High Volume
2024-05-11,3,3,"AAVE/USD,ALGO/USD,ETC/USD...","BONK/USD,BTC/USD,ETH/USD...",1606384.08303733,10966516.658388942,Long Low Volume / Short High Volume
2024-05-18,3,3,"AAVE/USD,ALGO/USD,XLM/USD...","BONK/USD,BTC/USD,ETH/USD...",2287053.3575643837,44295240.75430686,Long Low Volume / Short High Volume
2024-05-25,3,3,"FIL/USD,GRT/USD,XLM/USD...","BONK/USD,BTC/USD,ETH/USD...",2708801.300497476,59021526.46383193,Long Low Volume / Short High Volume
2024-06-01,3,3,"AAVE/USD,ALGO/USD,GRT/USD...","BONK/USD,BTC/USD,ETH/USD...",1517990.8691082005,31955857.450176764,Long Low Volume / Short High Volume
2024-06-08,3,3,"AAVE/USD,ALGO/USD,ETC/USD...","BONK/USD,BTC/USD,ETH/USD...",2668511.1753720003,26798465.970817547,Long Low Volume / Short High Volume
2024-06-15,3,3,"AAVE/USD,ETC/USD,GRT/USD...","BONK/USD,BTC/USD,ETH/USD...",1018596.4069595999,18222754.02931558,Long Low Volume / Short High Volume
2024-06-22,3,3,"ETC/USD,FIL/USD,GRT/USD...","BONK/USD,BTC/USD,ETH/USD...",1165518.8625344,16809513.613161795,Long Low Volume / Short High Volume
2024-06-29,3,3,"ALGO/USD,ETC/USD,TIA/USD...","BONK/USD,BTC/USD,ETH/USD...",1550518.265986,17015683.791124545,Long Low Volume / Short High Volume
2024-07-06,3,3,"AAVE/USD,ALGO/USD,ETC/USD...","BONK/USD,BTC/USD,ETH/USD...",2128176.4366160003,23803263.854985777,Long Low Volume / Short High Volume
2024-07-13,3,3,"ALGO/USD,ETC/USD,GRT/USD...","BONK/USD,BTC/USD,ETH/USD...",3186893.8175004004,20298889.489519235,Long Low Volume / Short High Volume
2024-07-20,3,3,"AAVE/USD,ALGO/USD,ETC/USD...","BONK/USD,BTC/USD,ETH/USD...",2135922.1004672004,23996977.753507417,Long Low Volume / Short High Volume
2024-07-27,3,3,"ALGO/USD,ETC/USD,GRT/USD...","BONK/USD,BTC/USD,ETH/USD...",1613890.5503162001,16069472.068245264,Long Low Volume / Short High Volume
2024-08-03,3,3,"ALGO/USD,ETC/USD,GRT/USD...","BONK/USD,BTC/USD,ETH/USD...",1918328.0725314002,18936470.150114074,Long Low Volume / Short High Volume
2024-08-10,3,3,"ALGO/USD,ETC/USD,GRT/USD...","BONK/USD,BTC/USD,ETH/USD...",862315.132994,8647688.405999722,Long Low Volume / Short High Volume
2024-08-17,3,3,"ALGO/USD,ETC/USD,GRT/USD...","BONK/USD,BTC/USD,ETH/USD...",555041.0307086,9255707.844085453,Long Low Volume / Short High Volume
2024-08-24,3,3,"ALGO/USD,ETC/USD,FIL/USD...","BONK/USD,BTC/USD,ETH/USD...",2235635.6966594,20786759.970249634,Long Low Volume / Short High Volume
2024-08-31,3,3,"ALGO/USD,ETC/USD,GRT/USD...","BTC/USD,ETH/USD,LTC/USD...",474459.7792969222,6419940.075465572,Long Low Volume / Short High Volume
2024-09-07,3,3,"ALGO/USD,ETC/USD,GRT/USD...","BTC/USD,ETH/USD,LINK/USD...",1121402.2341036,8743975.191713285,Long Low Volume / Short High Volume
2024-09-14,3,3,"ALGO/USD,ETC/USD,FIL/USD...","BONK/USD,BTC/USD,ETH/USD...",916447.3460684001,7910907.330655997,Long Low Volume / Short High Volume
2024-09-21,3,3,"ALGO/USD,ETC/USD,FIL/USD...","BONK/USD,BTC/USD,ETH/USD...",1469804.081397,9710513.093467204,Long Low Volume / Short High Volume
2024-09-28,3,3,"ALGO/USD,ETC/USD,FIL/USD...","BONK/USD,BTC/USD,ETH/USD...",1213238.5636912,23426781.821167253,Long Low Volume / Short High Volume
2024-10-05,3,3,"ALGO/USD,BCH/USD,ETC/USD...","BONK/USD,BTC/USD,ETH/USD...",1101187.817326753,12393711.887637973,Long Low Volume / Short High Volume
2024-10-12,3,3,"ALGO/USD,ETC/USD,FIL/USD...","BONK/USD,BTC/USD,ETH/USD...",1051417.0147188,15349833.094170423,Long Low Volume / Short High Volume
2024-10-19,3,3,"ALGO/USD,ETC/USD,FIL/USD...","BONK/USD,BTC/USD,ETH/USD...",995589.0696696,12627965.880845465,Long Low Volume / Short High Volume
2024-10-26,3,3,"ALGO/USD,ETC/USD,FIL/USD...","BONK/USD,BTC/USD,ETH/USD...",992790.585796,13726901.473077426,Long Low Volume / Short High Volume
2024-11-02,3,3,"ALGO/USD,ETC/USD,FIL/USD...","BONK/USD,BTC/USD,ETH/USD...",541913.5044047999,7653523.186960602,Long Low Volume / Short High Volume
2024-11-09,3,3,"ALGO/USD,ETC/USD,FIL/USD...","BONK/USD,BTC/USD,ETH/USD...",4189060.506055382,26965671.809038993,Long Low Volume / Short High Volume
2024-11-16,3,3,"AAVE/USD,FIL/USD,GRT/USD...","BONK/USD,BTC/USD,ETH/USD...",9976071.2303548,205806583.93917066,Long Low Volume / Short High Volume
2024-11-23,3,3,"AAVE/USD,ETC/USD,FIL/USD...","BTC/USD,ETH/USD,XLM/USD...",17795978.94350943,369019324.2934155,Long Low Volume / Short High Volume
2024-11-30,3,3,"AAVE/USD,ETC/USD,GRT/USD...","BTC/USD,ETH/USD,XLM/USD...",13578573.452610739,134605614.63988635,Long Low Volume / Short High Volume
2024-12-07,3,3,"ETC/USD,FIL/USD,GRT/USD...","BTC/USD,ETH/USD,LINK/USD...",13630523.561823053,83116215.21147463,Long Low Volume / Short High Volume
2024-12-14,3,3,"ETC/USD,GRT/USD,TIA/USD...","BTC/USD,ETH/USD,LINK/USD...",7186807.685054401,101635974.69776532,Long Low Volume / Short High Volume
2024-12-21,3,3,"BCH/USD,ETC/USD,GRT/USD...","BTC/USD,ETH/USD,LINK/USD...",7326508.650038124,63950994.22385403,Long Low Volume / Short High Volume
2024-12-28,3,3,"BCH/USD,ETC/USD,GRT/USD...","BTC/USD,ETH/USD,LINK/USD...",2752708.599517001,32084989.642274104,Long Low Volume / Short High Volume
2025-01-04,3,3,"ETC/USD,FIL/USD,GRT/USD...","BTC/USD,ETH/USD,XLM/USD...",5186924.799632995,45067548.21328831,Long Low Volume / Short High Volume
2025-01-11,3,3,"BCH/USD,ETC/USD,GRT/USD...","BTC/USD,ETH/USD,XLM/USD...",3412370.0893163653,30177013.28463673,Long Low Volume / Short High Volume
2025-01-18,3,3,"ETC/USD,FIL/USD,GRT/USD...","BONK/USD,BTC/USD,ETH/USD...",9788154.997727599,94645602.22525705,Long Low Volume / Short High Volume
2025-01-25,3,3,"ETC/USD,FIL/USD,GRT/USD...","BTC/USD,ETH/USD,LTC/USD...",4433348.174214601,43638094.54347447,Long Low Volume / Short High Volume
2025-02-01,3,3,"ETC/USD,FIL/USD,GRT/USD...","BTC/USD,ETH/USD,LINK/USD...",3826485.16373156,45008981.37345274,Long Low Volume / Short High Volume
2025-02-08,3,3,"ETC/USD,FIL/USD,GRT/USD...","BTC/USD,ETH/USD,LTC/USD...",2363433.384727057,21627693.790424984,Long Low Volume / Short High Volume
2025-02-15,4,4,"BCH/USD,ETC/USD,FIL/USD,GRT/USD...","BTC/USD,ETH/USD,LTC/USD,XLM/USD...",2152762.4286784786,36153562.256418206,Long Low Volume / Short High Volume
2025-02-22,4,4,"BCH/USD,ETC/USD,FIL/USD,GRT/USD...","BTC/USD,ETH/USD,LTC/USD,XLM/USD...",1821976.954656,14300638.995511653,Long Low Volume / Short High Volume
2025-03-01,4,4,"ETC/USD,FIL/USD,GRT/USD,PENGU/USD...","BTC/USD,ETH/USD,LTC/USD,XLM/USD...",1578751.70172,30390532.19050993,Long Low Volume / Short High Volume
2025-03-08,4,4,"ETC/USD,FIL/USD,GRT/USD,PENGU/USD...","BTC/USD,ETH/USD,LINK/USD,LTC/USD...",2608312.66172,26557036.238160003,Long Low Volume / Short High Volume
2025-03-15,4,4,"ETC/USD,FIL/USD,GRT/USD,PENGU/USD...","BTC/USD,ETH/USD,LINK/USD,XLM/USD...",1542475.424464,15421578.164096622,Long Low Volume / Short High Volume
2025-03-22,4,4,"ETC/USD,FIL/USD,GRT/USD,PENGU/USD...","BONK/USD,BTC/USD,ETH/USD,LINK/USD...",1278569.601324,11265483.50612,Long Low Volume / Short High Volume
2025-03-29,4,4,"ETC/USD,FIL/USD,GRT/USD,PENGU/USD...","BTC/USD,ETH/USD,LINK/USD,XLM/USD...",1435672.573068,10723732.050823798,Long Low Volume / Short High Volume
2025-04-05,4,4,"ETC/USD,FIL/USD,GRT/USD,PENGU/USD...","BTC/USD,ETH/USD,LINK/USD,XLM/USD...",1074058.706364,8995163.756612925,Long Low Volume / Short High Volume
2025-04-12,4,4,"ETC/USD,FIL/USD,GRT/USD,PENGU/USD...","BONK/USD,BTC/USD,ETH/USD,LINK/USD...",1918144.2992,18011201.436079998,Long Low Volume / Short High Volume
2025-04-19,4,4,"ETC/USD,FIL/USD,GRT/USD,PENGU/USD...","BTC/USD,ETH/USD,LTC/USD,PEPE/USD...",1311230.32258,8138544.887260204,Long Low Volume / Short High Volume
2025-04-26,4,4,"ETC/USD,FIL/USD,GRT/USD,TIA/USD...","BONK/USD,BTC/USD,ETH/USD,PEPE/USD...",2755547.05461,22579056.34642161,Long Low Volume / Short High Volume
2025-05-03,4,4,"ALGO/USD,ETC/USD,FIL/USD,GRT/USD...","AAVE/USD,BONK/USD,BTC/USD,ETH/USD...",2061127.90566,11915617.19376,Long Low Volume / Short High Volume
2025-05-10,4,4,"ALGO/USD,ETC/USD,FIL/USD,GRT/USD...","BTC/USD,ETH/USD,LTC/USD,PEPE/USD...",6429509.30566,49801850.82572553,Long Low Volume / Short High Volume
2025-05-17,4,4,"BCH/USD,ETC/USD,FIL/USD,GRT/USD...","BTC/USD,ETH/USD,PEPE/USD,XLM/USD...",1890364.000994,21748254.1165804,Long Low Volume / Short High Volume
2025-05-24,4,4,"ALGO/USD,ETC/USD,FIL/USD,PENGU/USD...","AAVE/USD,BTC/USD,ETH/USD,PEPE/USD...",2154845.6962200003,21462650.07544,Long Low Volume / Short High Volume
2025-05-31,4,4,"ETC/USD,FIL/USD,GRT/USD,TIA/USD...","BTC/USD,ETH/USD,LINK/USD,PEPE/USD...",3101184.77052,17672398.52616,Long Low Volume / Short High Volume
2025-06-07,4,4,"ALGO/USD,ETC/USD,FIL/USD,GRT/USD...","BTC/USD,ETH/USD,LINK/USD,PEPE/USD...",1230894.3876880002,10517920.104519965,Long Low Volume / Short High Volume
2025-06-14,4,4,"ENA/USD,ETC/USD,FIL/USD,GRT/USD...","AAVE/USD,BTC/USD,ETH/USD,FARTCOIN/USD...",1120401.39972,11615625.88152546,Long Low Volume / Short High Volume
2025-06-21,4,4,"ENA/USD,ETC/USD,FIL/USD,GRT/USD...","BTC/USD,ETH/USD,FARTCOIN/USD,LINK/USD...",1538195.4987462,13383236.1108276,Long Low Volume / Short High Volume
2025-06-28,4,4,"ENA/USD,ETC/USD,FIL/USD,GRT/USD...","BTC/USD,ETH/USD,FARTCOIN/USD,PENGU/USD...",774654.0317798001,14024519.868184809,Long Low Volume / Short High Volume
2025-07-05,4,4,"ENA/USD,ETC/USD,FIL/USD,GRT/USD...","BONK/USD,BTC/USD,ETH/USD,WIF/USD...",614421.1593672001,9376391.271136003,Long Low Volume / Short High Volume
2025-07-12,4,4,"ENA/USD,ETC/USD,FIL/USD,GRT/USD...","BONK/USD,BTC/USD,ETH/USD,XLM/USD...",2542835.4427854633,80018657.72480094,Long Low Volume / Short High Volume
2025-07-19,4,4,"ENA/USD,FIL/USD,GRT/USD,TIA/USD...","BONK/USD,BTC/USD,ETH/USD,LTC/USD...",4152842.992542,45334539.216335975,Long Low Volume / Short High Volume
2025-07-26,4,4,"ETC/USD,FIL/USD,GRT/USD,TIA/USD...","BONK/USD,BTC/USD,ETH/USD,PENGU/USD...",2753537.217600521,38616968.92857493,Long Low Volume / Short High Volume
2025-08-02,4,4,"ETC/USD,FIL/USD,GRT/USD,TIA/USD...","BTC/USD,ETH/USD,PENGU/USD,XLM/USD...",2647035.8329600003,31128571.31415489,Long Low Volume / Short High Volume
2025-08-09,4,4,"ETC/USD,FIL/USD,GRT/USD,TIA/USD...","BTC/USD,ETH/USD,LINK/USD,PENGU/USD...",4235459.236284081,40570403.40143497,Long Low Volume / Short High Volume
2025-08-16,4,4,"ETC/USD,FIL/USD,GRT/USD,TIA/USD...","BTC/USD,ETH/USD,LINK/USD,LTC/USD...",2491745.345753238,19286251.405121893,Long Low Volume / Short High Volume
2025-08-23,4,4,"BCH/USD,FIL/USD,GRT/USD,TIA/USD...","AAVE/USD,BTC/USD,ETH/USD,LINK/USD...",3581800.9719743794,44213623.924950026,Long Low Volume / Short High Volume
2025-08-30,4,4,"ETC/USD,FIL/USD,GRT/USD,TIA/USD...","BONK/USD,BTC/USD,ETH/USD,LINK/USD...",1666472.47791,17941055.04955665,Long Low Volume / Short High Volume
2025-09-06,4,4,"ALGO/USD,ETC/USD,FIL/USD,GRT/USD...","BTC/USD,ENA/USD,ETH/USD,LINK/USD...",1337457.9736364,16281709.760981053,Long Low Volume / Short High Volume
2025-09-13,4,4,"ETC/USD,FIL/USD,GRT/USD,TIA/USD...","BTC/USD,ETH/USD,PENGU/USD,PEPE/USD...",3884133.9632800007,38474465.09522167,Long Low Volume / Short High Volume
2025-09-20,4,4,"ALGO/USD,ETC/USD,FIL/USD,GRT/USD...","BTC/USD,ETH/USD,LINK/USD,PENGU/USD...",1367959.4585719998,13668511.651012003,Long Low Volume / Short High Volume
2025-09-27,4,4,"ETC/USD,FIL/USD,GRT/USD,TIA/USD...","BTC/USD,ETH/USD,FARTCOIN/USD,LINK/USD...",920524.063116,9488224.430588357,Long Low Volume / Short High Volume
2025-10-04,4,4,"ALGO/USD,ETC/USD,FIL/USD,GRT/USD...","BONK/USD,BTC/USD,ETH/USD,LINK/USD...",2067500.6384180002,15420092.041638002,Long Low Volume / Short High Volume
2025-10-11,4,4,"ALGO/USD,ETC/USD,GRT/USD,TIA/USD...","BTC/USD,ETH/USD,LINK/USD,LTC/USD...",7281696.369799866,38893491.49785819,Long Low Volume / Short High Volume
2025-10-18,4,4,"ALGO/USD,ETC/USD,GRT/USD,TIA/USD...","BTC/USD,ETH/USD,LINK/USD,LTC/USD...",1456939.3683868,10632670.563573254,Long Low Volume / Short High Volume
2020-09-16,2,2,"ETH/USD,LTC/USD...","XLM/USD,YFI/USD...",0.6353740383099691,1.0072834497247822,Long Low RVOL / Short High RVOL
2020-09-23,3,3,"BCH/USD,BTC/USD,LTC/USD...","ETC/USD,LINK/USD,YFI/USD...",0.7176875615586871,1.2758004535127594,Long Low RVOL / Short High RVOL
2020-09-30,3,3,"ETH/USD,LINK/USD,UNI/USD...","ALGO/USD,XLM/USD,YFI/USD...",0.4639133342412752,0.798349231787945,Long Low RVOL / Short High RVOL
2020-10-07,3,3,"ETC/USD,LINK/USD,XLM/USD...","ALGO/USD,UNI/USD,YFI/USD...",0.7108578771654834,1.2124098370753376,Long Low RVOL / Short High RVOL
2020-10-14,3,3,"ETC/USD,UNI/USD,XLM/USD...","BCH/USD,XRP/USD,YFI/USD...",0.6670496380204237,1.0522282926180373,Long Low RVOL / Short High RVOL
2020-10-21,3,3,"ALGO/USD,ETC/USD,UNI/USD...","BTC/USD,ETH/USD,LTC/USD...",0.8003311512835711,2.9539606711181725,Long Low RVOL / Short High RVOL
2021-01-02,3,3,"FIL/USD,XLM/USD,XRP/USD...","ALGO/USD,BTC/USD,ETH/USD...",0.7711527453789928,1.5211059252262549,Long Low RVOL / Short High RVOL
2021-01-09,3,3,"FIL/USD,GRT/USD,XRP/USD...","BCH/USD,ETC/USD,LINK/USD...",0.693472636802968,1.0187383331626951,Long Low RVOL / Short High RVOL
2021-01-16,3,3,"BTC/USD,XLM/USD,XRP/USD...","AAVE/USD,FIL/USD,GRT/USD...",0.5336076847934558,1.7373600219427632,Long Low RVOL / Short High RVOL
2021-01-23,3,3,"BCH/USD,LTC/USD,XLM/USD...","AAVE/USD,ETC/USD,LINK/USD...",0.378412947217407,0.9050597342906012,Long Low RVOL / Short High RVOL
2021-01-30,3,3,"BCH/USD,ETC/USD,LINK/USD...","ALGO/USD,GRT/USD,XLM/USD...",0.4552236482803204,0.9238051072728424,Long Low RVOL / Short High RVOL
2021-02-06,3,3,"ETH/USD,GRT/USD,LINK/USD...","BCH/USD,ETC/USD,LTC/USD...",0.7637124459563875,1.5591928396393533,Long Low RVOL / Short High RVOL
2021-02-13,3,3,"AAVE/USD,BTC/USD,ETH/USD...","BCH/USD,ETC/USD,LTC/USD...",0.5298712640658116,2.1619497638312457,Long Low RVOL / Short High RVOL
2021-02-20,3,3,"ALGO/USD,BTC/USD,XLM/USD...","AAVE/USD,ETC/USD,ETH/USD...",0.9359602891750852,1.248285590785682,Long Low RVOL / Short High RVOL
2021-02-27,3,3,"ETC/USD,FIL/USD,GRT/USD...","ALGO/USD,ETH/USD,XLM/USD...",0.2800016150535709,0.6371663561179641,Long Low RVOL / Short High RVOL
2021-03-06,3,3,"AAVE/USD,BCH/USD,GRT/USD...","BTC/USD,ETH/USD,FIL/USD...",0.2927809784489942,0.4478043476776103,Long Low RVOL / Short High RVOL
2021-03-13,3,3,"GRT/USD,LINK/USD,SKL/USD...","ETC/USD,FIL/USD,SUSHI/USD...",0.6991804025550724,1.2642603565858028,Long Low RVOL / Short High RVOL
2021-03-20,3,3,"BTC/USD,LTC/USD,SKL/USD...","ADA/USD,FIL/USD,XLM/USD...",0.45468037588088017,0.8183464756171678,Long Low RVOL / Short High RVOL
2021-03-27,4,4,"ETC/USD,ETH/USD,LTC/USD,SUSHI/USD...","ANKR/USD,CRV/USD,FIL/USD,STORJ/USD...",0.5212632157290601,1.2075262241062719,Long Low RVOL / Short High RVOL
2021-04-03,4,4,"ANKR/USD,BTC/USD,CRV/USD,STORJ/USD...","BCH/USD,ETC/USD,LTC/USD,SUSHI/USD...",0.49603910328735024,1.0482457810193302,Long Low RVOL / Short High RVOL
2021-04-10,4,4,"ANKR/USD,CRV/USD,FIL/USD,STORJ/USD...","LTC/USD,NKN/USD,SUSHI/USD,XLM/USD...",0.5395724992629882,1.0056224695811216,Long Low RVOL / Short High RVOL
2021-04-17,4,4,"AAVE/USD,FIL/USD,STORJ/USD,XLM/USD...","ALGO/USD,BCH/USD,ETC/USD,LTC/USD...",0.7081441756865284,1.61871032503079,Long Low RVOL / Short High RVOL
2021-04-24,4,4,"ETC/USD,FIL/USD,MANA/USD,NKN/USD...","ADA/USD,BTC/USD,ETH/USD,STORJ/USD...",0.49942414326581697,0.6763788557360724,Long Low RVOL / Short High RVOL
2021-05-01,4,4,"ALGO/USD,LTC/USD,SUSHI/USD,XLM/USD...","AAVE/USD,ETC/USD,NKN/USD,SKL/USD...",0.44094647179950075,1.0300514717525846,Long Low RVOL / Short High RVOL
2021-05-08,5,5,"AAVE/USD,LTC/USD,MANA/USD,NKN/USD,SKL/USD...","CRV/USD,CTSI/USD,ETC/USD,RLC/USD,STORJ/USD...",0.6804822999576436,1.1775606297746026,Long Low RVOL / Short High RVOL
2021-05-15,5,5,"CTSI/USD,ETC/USD,ICP/USD,RLC/USD,STORJ/USD...","ADA/USD,CRV/USD,FIL/USD,GRT/USD,NKN/USD...",0.6585020840795398,1.549729091692536,Long Low RVOL / Short High RVOL
2021-05-22,5,5,"CTSI/USD,ETC/USD,RLC/USD,STORJ/USD,USDT/USD...","ETH/USD,FIL/USD,GRT/USD,LINK/USD,SUSHI/USD...",0.6010812347770819,1.0934862407597323,Long Low RVOL / Short High RVOL
2021-05-29,5,5,"CTSI/USD,ETC/USD,RLC/USD,STORJ/USD,SUSHI/USD...","CRV/USD,FIL/USD,LINK/USD,NKN/USD,SKL/USD...",0.5011344235834252,0.8669660062557383,Long Low RVOL / Short High RVOL
2021-06-05,5,5,"AAVE/USD,ETC/USD,RLC/USD,SKL/USD,SUSHI/USD...","ALGO/USD,CRV/USD,CTSI/USD,DOGE/USD,NKN/USD...",0.2870862862421972,0.5090216471980078,Long Low RVOL / Short High RVOL
2021-06-12,5,5,"AMP/USD,BCH/USD,ETC/USD,FIL/USD,USDT/USD...","ANKR/USD,CTSI/USD,ICP/USD,NKN/USD,RLC/USD...",0.39748493491185216,0.7208396910620382,Long Low RVOL / Short High RVOL
2021-06-19,6,6,"ADA/USD,CRV/USD,CTSI/USD,DOGE/USD,ETC/USD...","ALGO/USD,AMP/USD,BTC/USD,ICP/USD,RLC/USD...",0.3459918926002439,0.6926197949248524,Long Low RVOL / Short High RVOL
2021-06-26,6,6,"AMP/USD,ANKR/USD,CRV/USD,ETC/USD,FIL/USD...","CTSI/USD,ETH/USD,ICP/USD,LINK/USD,STORJ/USD...",0.571040903611148,0.8453502543833172,Long Low RVOL / Short High RVOL
2021-07-03,6,6,"AMP/USD,ANKR/USD,CRV/USD,DOGE/USD,FIL/USD...","AAVE/USD,ETC/USD,GRT/USD,NKN/USD,QNT/USD...",0.2933406270546249,0.6677399456253366,Long Low RVOL / Short High RVOL
2021-07-10,6,6,"ADA/USD,AMP/USD,ANKR/USD,BTC/USD,FIL/USD...","CTSI/USD,MANA/USD,NKN/USD,RLC/USD,SKL/USD...",0.28950698028937294,0.5397219525897213,Long Low RVOL / Short High RVOL
2021-07-17,6,6,"AAVE/USD,CTSI/USD,ETC/USD,FIL/USD,GRT/USD...","AMP/USD,DOGE/USD,DOT/USD,LINK/USD,NKN/USD...",0.46576031652058564,0.9637272023700942,Long Low RVOL / Short High RVOL
2021-07-24,6,6,"AAVE/USD,CRV/USD,CTSI/USD,RLC/USD,STORJ/USD...","DOT/USD,ETC/USD,FIL/USD,ICP/USD,MANA/USD...",0.8052803372646915,1.3170137560392323,Long Low RVOL / Short High RVOL
2021-07-31,6,6,"AAVE/USD,AMP/USD,ANKR/USD,DOGE/USD,MANA/USD...","CRV/USD,CTSI/USD,GRT/USD,LINK/USD,RLC/USD...",0.6627976230137393,1.3672872651119838,Long Low RVOL / Short High RVOL
2021-08-07,6,6,"AAVE/USD,FET/USD,LINK/USD,MANA/USD,NKN/USD...","ALGO/USD,DOGE/USD,ETC/USD,FIL/USD,GRT/USD...",0.8737254293469726,1.6691358677142556,Long Low RVOL / Short High RVOL
2021-08-14,7,7,"AMP/USD,BTC/USD,CTSI/USD,ETH/USD,FET/USD...","ADA/USD,ALGO/USD,DOGE/USD,ETC/USD,FIL/USD...",0.49123543272746245,1.0967942882582324,Long Low RVOL / Short High RVOL
2021-08-21,7,7,"ANKR/USD,CTSI/USD,ETH/USD,ICP/USD,IOTX/USD...","ALGO/USD,AXS/USD,CRV/USD,FIL/USD,MANA/USD...",0.4820103067977748,0.9320581624120209,Long Low RVOL / Short High RVOL
2021-08-28,7,7,"CTSI/USD,DOGE/USD,FET/USD,FIL/USD,GRT/USD...","ANKR/USD,AXS/USD,ICP/USD,LTC/USD,SKL/USD...",0.38677993844992703,0.6649969146215398,Long Low RVOL / Short High RVOL
2021-09-04,7,7,"AAVE/USD,ADA/USD,AMP/USD,CTSI/USD,DOGE/USD...","AXS/USD,COTI/USD,FIL/USD,LTC/USD,NKN/USD...",0.6955687163361802,2.0521657936580198,Long Low RVOL / Short High RVOL
2021-09-11,7,7,"AMP/USD,COTI/USD,DOGE/USD,MANA/USD,RLC/USD...","ADA/USD,ALGO/USD,CRV/USD,DOT/USD,FET/USD...",0.4259503275052513,0.8367955084419313,Long Low RVOL / Short High RVOL
2021-09-18,7,7,"ANKR/USD,AXS/USD,ETC/USD,MANA/USD,RLC/USD...","COTI/USD,CRV/USD,DOT/USD,REQ/USD,SHIB/USD...",0.36589386523617434,0.6881107036880459,Long Low RVOL / Short High RVOL
2021-09-25,7,7,"ALGO/USD,AXS/USD,CRV/USD,QNT/USD,SKL/USD...","ADA/USD,COTI/USD,CTSI/USD,FIL/USD,IOTX/USD...",0.34440028898821273,0.7988706280525895,Long Low RVOL / Short High RVOL
2021-10-02,8,8,"BTC/USD,CRV/USD,DOT/USD,FET/USD,IOTX/USD...","AVAX/USD,AXS/USD,ETC/USD,FIL/USD,NKN/USD...",0.5657895042056779,1.0962947623260648,Long Low RVOL / Short High RVOL
2021-10-09,8,8,"AAVE/USD,ALGO/USD,AVAX/USD,BTC/USD,COTI/USD...","AMP/USD,DOT/USD,FET/USD,REQ/USD,SHIB/USD...",0.49670440946119515,1.2308606297967788,Long Low RVOL / Short High RVOL
2021-10-16,8,8,"ALGO/USD,AXS/USD,COTI/USD,CRV/USD,FIL/USD...","AMP/USD,FET/USD,GRT/USD,ICP/USD,MANA/USD...",0.6638383769470576,1.3207860094837984,Long Low RVOL / Short High RVOL
2021-10-23,8,8,"ANKR/USD,BTC/USD,COTI/USD,ICP/USD,IOTX/USD...","AVAX/USD,CRV/USD,FET/USD,JASMY/USD,LINK/USD...",0.4515647592283338,0.8335107456683968,Long Low RVOL / Short High RVOL
2021-10-30,3,3,"ALGO/USD,BCH/USD,BTC/USD...","ETC/USD,LTC/USD,XLM/USD...",0.5720501682498208,0.768441267832917,Long Low RVOL / Short High RVOL
2021-11-06,3,3,"BCH/USD,BTC/USD,ETC/USD...","FIL/USD,LINK/USD,XLM/USD...",0.5248557188094207,0.6435517367919259,Long Low RVOL / Short High RVOL
2021-11-13,3,3,"ETC/USD,FIL/USD,GRT/USD...","AAVE/USD,ALGO/USD,LTC/USD...",0.3865148963922017,0.725140398622347,Long Low RVOL / Short High RVOL
2021-11-20,3,3,"ETC/USD,GRT/USD,XLM/USD...","ETH/USD,FIL/USD,LTC/USD...",0.485797935996748,0.5697664760837307,Long Low RVOL / Short High RVOL
2021-11-27,3,3,"ALGO/USD,ETC/USD,LTC/USD...","AAVE/USD,FIL/USD,GRT/USD...",0.4548988732830548,0.9229638055348262,Long Low RVOL / Short High RVOL
2021-12-04,3,3,"ALGO/USD,GRT/USD,XLM/USD...","BCH/USD,ETC/USD,FIL/USD...",1.706379595405997,3.547649790655352,Long Low RVOL / Short High RVOL
2021-12-11,3,3,"ALGO/USD,ETC/USD,GRT/USD...","AAVE/USD,FIL/USD,LINK/USD...",0.4926123786391277,0.8148772764716609,Long Low RVOL / Short High RVOL
2021-12-18,3,3,"ALGO/USD,BCH/USD,ETC/USD...","AAVE/USD,GRT/USD,LINK/USD...",0.3724997619760269,0.8368100687609032,Long Low RVOL / Short High RVOL
2021-12-25,3,3,"BCH/USD,BTC/USD,ETH/USD...","AAVE/USD,ALGO/USD,XLM/USD...",0.3651382215008323,0.6041309353908018,Long Low RVOL / Short High RVOL
2022-01-01,3,3,"AAVE/USD,ETH/USD,LTC/USD...","ALGO/USD,BCH/USD,GRT/USD...",0.618082576099849,0.7493726486816269,Long Low RVOL / Short High RVOL
2022-01-08,3,3,"ALGO/USD,BTC/USD,FIL/USD...","ETH/USD,GRT/USD,LINK/USD...",1.0147419680009622,1.2903030250475946,Long Low RVOL / Short High RVOL
2022-01-15,3,3,"ALGO/USD,ETH/USD,GRT/USD...","AAVE/USD,LTC/USD,XLM/USD...",0.3552865051291691,0.7582705027394309,Long Low RVOL / Short High RVOL
2022-01-22,3,3,"BTC/USD,GRT/USD,LINK/USD...","ALGO/USD,BCH/USD,ETC/USD...",1.848909803394771,3.409043777581319,Long Low RVOL / Short High RVOL
2022-01-29,3,3,"AAVE/USD,BCH/USD,ETC/USD...","ALGO/USD,FIL/USD,GRT/USD...",0.5178581569097169,0.6984683840728478,Long Low RVOL / Short High RVOL
2022-02-05,3,3,"BTC/USD,ETC/USD,XLM/USD...","BCH/USD,FIL/USD,GRT/USD...",0.5712994842073129,0.8592474158367595,Long Low RVOL / Short High RVOL
2022-02-12,3,3,"AAVE/USD,BTC/USD,ETH/USD...","ETC/USD,FIL/USD,XLM/USD...",0.5000708969618871,0.7668959852009715,Long Low RVOL / Short High RVOL
2022-02-19,3,3,"AAVE/USD,ALGO/USD,BTC/USD...","LINK/USD,LTC/USD,XLM/USD...",0.4711175773819719,0.6963483319909557,Long Low RVOL / Short High RVOL
2022-02-26,3,3,"BTC/USD,FIL/USD,LINK/USD...","AAVE/USD,ALGO/USD,ETC/USD...",0.5898561887133066,0.8561299205477715,Long Low RVOL / Short High RVOL
2022-03-05,3,3,"ETH/USD,GRT/USD,LINK/USD...","AAVE/USD,LTC/USD,XLM/USD...",0.3787518984787824,0.5866331934130855,Long Low RVOL / Short High RVOL
2022-03-12,3,3,"ETH/USD,GRT/USD,LINK/USD...","BCH/USD,FIL/USD,XLM/USD...",0.2716055975953462,0.691980115227674,Long Low RVOL / Short High RVOL
2022-03-19,3,3,"BTC/USD,ETH/USD,LINK/USD...","BCH/USD,ETC/USD,FIL/USD...",0.6383944392377745,1.3086684891335365,Long Low RVOL / Short High RVOL
2022-03-26,3,3,"APE/USD,BTC/USD,ETH/USD...","ALGO/USD,FIL/USD,LINK/USD...",0.47767333055848854,0.6478007453834141,Long Low RVOL / Short High RVOL
2022-04-02,3,3,"APE/USD,BCH/USD,ETC/USD...","AAVE/USD,ALGO/USD,GRT/USD...",0.5488808839516917,0.9058462795129782,Long Low RVOL / Short High RVOL
2022-04-09,3,3,"APE/USD,BCH/USD,GRT/USD...","ETC/USD,LTC/USD,XLM/USD...",0.259400531929743,0.4040413686538968,Long Low RVOL / Short High RVOL
2022-04-16,3,3,"AAVE/USD,ALGO/USD,LINK/USD...","FIL/USD,LTC/USD,XLM/USD...",0.2769291333333445,0.5312860187219394,Long Low RVOL / Short High RVOL
2022-04-23,3,3,"AAVE/USD,ETC/USD,ETH/USD...","APE/USD,LINK/USD,XLM/USD...",0.3704447608877422,0.6423794626037359,Long Low RVOL / Short High RVOL
2022-04-30,3,3,"AAVE/USD,BTC/USD,ETH/USD...","ALGO/USD,APE/USD,FIL/USD...",0.9306616021899898,1.583036621026382,Long Low RVOL / Short High RVOL
2022-05-07,3,3,"APE/USD,ETH/USD,GRT/USD...","ALGO/USD,LINK/USD,XLM/USD...",0.5163557855252623,1.039374536559363,Long Low RVOL / Short High RVOL
2022-05-14,3,3,"BTC/USD,ETC/USD,ETH/USD...","BCH/USD,GRT/USD,LTC/USD...",0.5661445037683562,1.0539252155783447,Long Low RVOL / Short High RVOL
2022-05-21,3,3,"APE/USD,ETC/USD,ETH/USD...","AAVE/USD,ALGO/USD,LTC/USD...",0.3084838749728268,0.5550857860623198,Long Low RVOL / Short High RVOL
2022-05-28,3,3,"APE/USD,BTC/USD,ETC/USD...","ALGO/USD,FIL/USD,LINK/USD...",0.28875012401268524,0.5825981843317807,Long Low RVOL / Short High RVOL
2022-06-04,3,3,"APE/USD,BTC/USD,ETC/USD...","GRT/USD,LINK/USD,XLM/USD...",0.3273611049937241,0.98444629121597,Long Low RVOL / Short High RVOL
2022-06-11,3,3,"ALGO/USD,BTC/USD,GRT/USD...","APE/USD,FIL/USD,LTC/USD...",1.0251992544395292,1.7809889273805302,Long Low RVOL / Short High RVOL
2022-06-18,3,3,"ALGO/USD,LINK/USD,XLM/USD...","AAVE/USD,BCH/USD,BTC/USD...",1.078695929143682,2.0507226785431376,Long Low RVOL / Short High RVOL
2022-06-25,3,3,"BTC/USD,ETH/USD,LINK/USD...","AAVE/USD,BCH/USD,FIL/USD...",0.44240795892366436,0.7027613802488395,Long Low RVOL / Short High RVOL
2022-07-02,3,3,"APE/USD,ETC/USD,ETH/USD...","AAVE/USD,ALGO/USD,XLM/USD...",0.3045243463482072,0.5173559760626689,Long Low RVOL / Short High RVOL
2022-07-09,3,3,"APE/USD,ETH/USD,LINK/USD...","AAVE/USD,FIL/USD,GRT/USD...",0.40118132146556484,0.5461695487891349,Long Low RVOL / Short High RVOL
2022-07-16,3,3,"APE/USD,BTC/USD,LINK/USD...","ETC/USD,ETH/USD,GRT/USD...",0.8230447209996904,1.0788822750334475,Long Low RVOL / Short High RVOL
2022-07-23,3,3,"AAVE/USD,BTC/USD,ETH/USD...","APE/USD,ETC/USD,FIL/USD...",0.6208149105861194,1.015618389861716,Long Low RVOL / Short High RVOL
2022-07-30,3,3,"APE/USD,BTC/USD,ETH/USD...","FIL/USD,GRT/USD,XLM/USD...",0.6483118017780819,1.4274466344916263,Long Low RVOL / Short High RVOL
2022-08-06,3,3,"AAVE/USD,APE/USD,LTC/USD...","BCH/USD,FIL/USD,XLM/USD...",0.43457178902433197,0.7069813949584232,Long Low RVOL / Short High RVOL
2022-08-13,3,3,"AAVE/USD,FIL/USD,LINK/USD...","ETH/USD,GRT/USD,LTC/USD...",0.5555880309245188,0.7753177101605169,Long Low RVOL / Short High RVOL
2022-08-20,3,3,"BCH/USD,FIL/USD,XLM/USD...","APE/USD,ETH/USD,GRT/USD...",0.7792950643769655,1.155580098526824,Long Low RVOL / Short High RVOL
2022-08-27,3,3,"FIL/USD,GRT/USD,LINK/USD...","AAVE/USD,BTC/USD,LTC/USD...",0.6375105824303484,0.9540094612184647,Long Low RVOL / Short High RVOL
2022-09-03,3,3,"APE/USD,ETC/USD,ETH/USD...","AAVE/USD,FIL/USD,LTC/USD...",0.30990368772148785,0.7557017248387372,Long Low RVOL / Short High RVOL
2022-09-10,3,3,"BTC/USD,ETH/USD,GRT/USD...","ALGO/USD,LINK/USD,LTC/USD...",0.7846727515640082,1.065935147895979,Long Low RVOL / Short High RVOL
2022-09-17,3,3,"AAVE/USD,ETC/USD,GRT/USD...","APE/USD,LINK/USD,XLM/USD...",0.42550407327686535,0.7264389362817485,Long Low RVOL / Short High RVOL
2022-09-24,3,3,"AAVE/USD,ETC/USD,GRT/USD...","ALGO/USD,LINK/USD,XLM/USD...",0.5114427745598965,0.9122286977240169,Long Low RVOL / Short High RVOL
2022-10-01,3,3,"BTC/USD,ETC/USD,GRT/USD...","ALGO/USD,BCH/USD,XLM/USD...",0.2577523768602658,0.6932157166121892,Long Low RVOL / Short High RVOL
2022-10-08,3,3,"APE/USD,ETC/USD,ETH/USD...","BCH/USD,LTC/USD,XLM/USD...",0.2754346921986557,0.4328236072975787,Long Low RVOL / Short High RVOL
2022-10-15,3,3,"BTC/USD,LINK/USD,XLM/USD...","ETC/USD,FIL/USD,GRT/USD...",0.38766472579083944,0.6417639203198773,Long Low RVOL / Short High RVOL
2022-10-22,3,3,"BTC/USD,ETH/USD,LINK/USD...","APE/USD,BCH/USD,ETC/USD...",0.3751464098453835,0.7193725088593561,Long Low RVOL / Short High RVOL
2022-10-29,3,3,"AAVE/USD,BTC/USD,ETH/USD...","FIL/USD,GRT/USD,LINK/USD...",1.0165001114611878,1.6323760172810986,Long Low RVOL / Short High RVOL
2022-11-05,3,3,"BTC/USD,ETH/USD,FIL/USD...","ALGO/USD,BCH/USD,GRT/USD...",1.0521118920613222,1.8153243588468229,Long Low RVOL / Short High RVOL
2022-11-12,3,3,"ETC/USD,ETH/USD,GRT/USD...","AAVE/USD,ALGO/USD,LINK/USD...",0.4345939433991166,1.151703024632975,Long Low RVOL / Short High RVOL
2022-11-19,3,3,"AAVE/USD,BTC/USD,LINK/USD...","ALGO/USD,GRT/USD,LTC/USD...",0.2298100436748491,0.3814260317305894,Long Low RVOL / Short High RVOL
2022-11-26,3,3,"ALGO/USD,BTC/USD,ETH/USD...","AAVE/USD,LINK/USD,LTC/USD...",0.378842088001968,0.8027473032893158,Long Low RVOL / Short High RVOL
2022-12-03,3,3,"ETC/USD,GRT/USD,LTC/USD...","ETH/USD,LINK/USD,XLM/USD...",0.4309733523371828,0.6468439478957645,Long Low RVOL / Short High RVOL
2022-12-10,3,3,"AAVE/USD,BTC/USD,ETC/USD...","BCH/USD,FIL/USD,GRT/USD...",0.3157565855421507,0.4666566013268226,Long Low RVOL / Short High RVOL
2022-12-17,3,3,"BTC/USD,ETH/USD,GRT/USD...","BCH/USD,FIL/USD,XLM/USD...",0.7341304520889361,1.2189523519622516,Long Low RVOL / Short High RVOL
2022-12-24,3,3,"ETC/USD,LINK/USD,LTC/USD...","AAVE/USD,GRT/USD,XLM/USD...",0.3266786023204656,0.5344723235437282,Long Low RVOL / Short High RVOL
2022-12-31,3,3,"ETH/USD,FIL/USD,GRT/USD...","AAVE/USD,BCH/USD,LINK/USD...",0.542577724558077,0.919837526695573,Long Low RVOL / Short High RVOL
2023-01-07,3,3,"ALGO/USD,BTC/USD,ETH/USD...","AAVE/USD,BCH/USD,ETC/USD...",0.5800507396688579,0.8402048345211788,Long Low RVOL / Short High RVOL
2023-01-14,3,3,"ETC/USD,ETH/USD,GRT/USD...","AAVE/USD,ALGO/USD,LINK/USD...",2.0932110957563426,3.033060035767041,Long Low RVOL / Short High RVOL
2023-01-21,3,3,"ETC/USD,ETH/USD,LTC/USD...","FIL/USD,GRT/USD,XLM/USD...",0.9344976106086976,1.591894830142866,Long Low RVOL / Short High RVOL
2023-01-28,3,3,"BCH/USD,BTC/USD,ETC/USD...","ALGO/USD,FIL/USD,GRT/USD...",0.299756677998012,0.6575162616080412,Long Low RVOL / Short High RVOL
2023-02-04,3,3,"BTC/USD,ETH/USD,FIL/USD...","ALGO/USD,ETC/USD,GRT/USD...",0.3456832680116283,0.6181602807986394,Long Low RVOL / Short High RVOL
2023-02-11,3,3,"BTC/USD,ETC/USD,ETH/USD...","BCH/USD,GRT/USD,LTC/USD...",0.2342010465110175,0.5591957530859325,Long Low RVOL / Short High RVOL
2023-02-18,3,3,"BTC/USD,ETH/USD,GRT/USD...","FIL/USD,LINK/USD,XLM/USD...",0.5392227086682538,0.8914476680993861,Long Low RVOL / Short High RVOL
2023-02-25,3,3,"ALGO/USD,BTC/USD,GRT/USD...","BCH/USD,ETC/USD,LINK/USD...",0.474371687254065,0.7913211188638088,Long Low RVOL / Short High RVOL
2023-03-04,3,3,"ALGO/USD,GRT/USD,LINK/USD...","ETC/USD,FIL/USD,LTC/USD...",0.1548054992504485,0.3180542918542428,Long Low RVOL / Short High RVOL
2023-03-11,3,3,"AAVE/USD,GRT/USD,LINK/USD...","ALGO/USD,ETC/USD,LTC/USD...",0.8371519099268792,1.5734118445720473,Long Low RVOL / Short High RVOL
2023-03-18,3,3,"AAVE/USD,BCH/USD,LTC/USD...","ETC/USD,FIL/USD,GRT/USD...",0.8943372221696434,1.272104766231046,Long Low RVOL / Short High RVOL
2023-03-25,3,3,"ETC/USD,ETH/USD,GRT/USD...","AAVE/USD,BCH/USD,XLM/USD...",0.3530909020611484,0.6870942949704923,Long Low RVOL / Short High RVOL
2023-04-01,3,3,"ALGO/USD,BTC/USD,GRT/USD...","BCH/USD,LTC/USD,XLM/USD...",0.374686812256544,0.6149974499495765,Long Low RVOL / Short High RVOL
2023-04-08,3,3,"BCH/USD,BTC/USD,ETC/USD...","AAVE/USD,ALGO/USD,FIL/USD...",0.2572374747554771,0.4265158975644739,Long Low RVOL / Short High RVOL
2023-04-15,3,3,"BTC/USD,ETC/USD,LTC/USD...","FIL/USD,GRT/USD,LINK/USD...",0.5683325025469821,1.1141035069599543,Long Low RVOL / Short High RVOL
2023-04-22,3,3,"AAVE/USD,FIL/USD,LINK/USD...","BTC/USD,ETC/USD,LTC/USD...",0.3714145917039373,0.5663940998671623,Long Low RVOL / Short High RVOL
2023-04-29,3,3,"ETC/USD,GRT/USD,LINK/USD...","BCH/USD,LTC/USD,XLM/USD...",0.3036006177031895,0.4740199729586248,Long Low RVOL / Short High RVOL
2023-05-06,3,3,"BTC/USD,GRT/USD,LINK/USD...","AAVE/USD,ETH/USD,LTC/USD...",0.6282358374672362,0.9531100766730204,Long Low RVOL / Short High RVOL
2023-05-13,3,3,"AAVE/USD,BTC/USD,ETC/USD...","FIL/USD,GRT/USD,XLM/USD...",0.3491129619473886,0.4887198393150997,Long Low RVOL / Short High RVOL
2023-05-20,3,3,"BTC/USD,ETC/USD,LINK/USD...","AAVE/USD,ALGO/USD,GRT/USD...",0.26707699527057,0.509696196510304,Long Low RVOL / Short High RVOL
2023-05-27,3,3,"BCH/USD,BTC/USD,FIL/USD...","ALGO/USD,GRT/USD,XLM/USD...",0.3114740447038995,0.5241232892814002,Long Low RVOL / Short High RVOL
2023-06-03,3,3,"ALGO/USD,BTC/USD,ETC/USD...","AAVE/USD,FIL/USD,XLM/USD...",0.3993520196890794,0.7413909058526023,Long Low RVOL / Short High RVOL
2023-06-10,3,3,"BTC/USD,ETH/USD,XLM/USD...","BCH/USD,ETC/USD,FIL/USD...",2.3865186072016384,6.234148874837648,Long Low RVOL / Short High RVOL
2023-06-17,3,3,"ALGO/USD,ETC/USD,LTC/USD...","AAVE/USD,BCH/USD,XLM/USD...",0.4525154625466347,0.6101194407033703,Long Low RVOL / Short High RVOL
2023-06-24,3,3,"BTC/USD,ETH/USD,FIL/USD...","BCH/USD,ETC/USD,XLM/USD...",0.4624972847909323,1.0502908652520262,Long Low RVOL / Short High RVOL
2023-07-01,3,3,"ALGO/USD,BTC/USD,ETH/USD...","BCH/USD,ETC/USD,LTC/USD...",0.8072099451918937,1.209318593005294,Long Low RVOL / Short High RVOL
2023-07-08,3,3,"BTC/USD,ETC/USD,FIL/USD...","AAVE/USD,ALGO/USD,XLM/USD...",0.3205522484069987,0.7784355447647694,Long Low RVOL / Short High RVOL
2023-07-15,3,3,"BCH/USD,BTC/USD,FIL/USD...","ALGO/USD,LINK/USD,XLM/USD...",0.2926883612479487,0.6921444106549263,Long Low RVOL / Short High RVOL
2023-07-22,3,3,"AAVE/USD,BCH/USD,BTC/USD...","ALGO/USD,LINK/USD,XLM/USD...",0.3486053387329257,0.7027275748333462,Long Low RVOL / Short High RVOL
2023-07-29,3,3,"BTC/USD,ETH/USD,XLM/USD...","ALGO/USD,FIL/USD,LTC/USD...",0.2993098667105911,0.48863037150407,Long Low RVOL / Short High RVOL
2023-08-05,3,3,"BTC/USD,ETH/USD,LINK/USD...","BCH/USD,FIL/USD,GRT/USD...",0.3098178037670209,0.6093486688828638,Long Low RVOL / Short High RVOL
2023-08-12,3,3,"AAVE/USD,ETC/USD,GRT/USD...","ALGO/USD,FIL/USD,LINK/USD...",0.2144968506495435,0.3593005154397022,Long Low RVOL / Short High RVOL
2023-08-19,3,3,"AAVE/USD,BCH/USD,ETC/USD...","ETH/USD,LINK/USD,XLM/USD...",0.5653103353883612,0.732185903758482,Long Low RVOL / Short High RVOL
2023-08-26,3,3,"AAVE/USD,BCH/USD,BTC/USD...","FIL/USD,LTC/USD,XLM/USD...",0.2131033360392384,0.3391084118034407,Long Low RVOL / Short High RVOL
2023-09-02,3,3,"BTC/USD,ETH/USD,GRT/USD...","AAVE/USD,BCH/USD,FIL/USD...",0.3835929845379374,0.5347131262899738,Long Low RVOL / Short High RVOL
2023-09-09,3,3,"BTC/USD,ETC/USD,ETH/USD...","ALGO/USD,FIL/USD,XLM/USD...",0.2647160109269775,0.7239246293120166,Long Low RVOL / Short High RVOL
2023-09-16,3,3,"BTC/USD,ETC/USD,ETH/USD...","AAVE/USD,BCH/USD,FIL/USD...",0.4356826587463941,1.158774416686695,Long Low RVOL / Short High RVOL
2023-09-23,3,3,"BTC/USD,ETC/USD,ETH/USD...","FIL/USD,GRT/USD,LINK/USD...",0.3021683837874245,0.6725021671006569,Long Low RVOL / Short High RVOL
2023-09-30,3,3,"BCH/USD,BTC/USD,LTC/USD...","ETC/USD,GRT/USD,LINK/USD...",0.5610461110788404,1.1908714502695228,Long Low RVOL / Short High RVOL
2023-10-07,3,3,"BCH/USD,BTC/USD,LINK/USD...","AAVE/USD,FIL/USD,LTC/USD...",0.3064157911125916,0.463823719030715,Long Low RVOL / Short High RVOL
2023-10-14,3,3,"BTC/USD,ETC/USD,LINK/USD...","ALGO/USD,LTC/USD,XLM/USD...",0.2542201018248499,0.4164992318146611,Long Low RVOL / Short High RVOL
2023-10-21,3,3,"BCH/USD,BTC/USD,ETH/USD...","ALGO/USD,GRT/USD,LINK/USD...",0.8550416728271538,1.575730848317662,Long Low RVOL / Short High RVOL
2023-10-28,3,3,"BTC/USD,ETC/USD,ETH/USD...","GRT/USD,LINK/USD,LTC/USD...",0.4515961788304277,0.8779142021954369,Long Low RVOL / Short High RVOL
2023-11-04,3,3,"BCH/USD,BTC/USD,ETH/USD...","AAVE/USD,ALGO/USD,GRT/USD...",0.3904711371986836,1.0371144867596878,Long Low RVOL / Short High RVOL
2023-11-11,3,3,"BCH/USD,BTC/USD,ETH/USD...","ALGO/USD,FIL/USD,LTC/USD...",0.93206073120802,1.601636456049396,Long Low RVOL / Short High RVOL
2023-11-18,3,3,"BTC/USD,ETC/USD,GRT/USD...","AAVE/USD,FIL/USD,XLM/USD...",0.2861013947768015,0.4969769672787161,Long Low RVOL / Short High RVOL
2023-11-25,3,3,"BCH/USD,ETC/USD,ETH/USD...","AAVE/USD,ALGO/USD,GRT/USD...",0.2685374295837969,0.4763139021526072,Long Low RVOL / Short High RVOL
2023-12-02,3,3,"AAVE/USD,ETC/USD,GRT/USD...","ALGO/USD,BCH/USD,LINK/USD...",0.5194185169009587,0.9859512156833086,Long Low RVOL / Short High RVOL
2023-12-09,3,3,"BTC/USD,ETH/USD,GRT/USD...","AAVE/USD,ALGO/USD,XLM/USD...",0.8845400799497866,2.223353525140437,Long Low RVOL / Short High RVOL
2023-12-16,3,3,"BCH/USD,BTC/USD,ETH/USD...","AAVE/USD,ALGO/USD,FIL/USD...",0.4258915109941907,0.7293998716972601,Long Low RVOL / Short High RVOL
2023-12-23,3,3,"BTC/USD,ETC/USD,XLM/USD...","ALGO/USD,GRT/USD,LTC/USD...",0.4872823298001325,0.8605069129390628,Long Low RVOL / Short High RVOL
2023-12-30,3,3,"ALGO/USD,GRT/USD,LINK/USD...","BCH/USD,ETC/USD,XLM/USD...",0.4652413580203616,1.251067756616559,Long Low RVOL / Short High RVOL
2024-01-06,3,3,"BTC/USD,ETC/USD,ETH/USD...","GRT/USD,TIA/USD,XLM/USD...",0.42550830737869133,0.7801617167482109,Long Low RVOL / Short High RVOL
2024-01-13,3,3,"AAVE/USD,GRT/USD,LINK/USD...","BONK/USD,ETC/USD,TIA/USD...",0.32474981979630846,0.884711826512559,Long Low RVOL / Short High RVOL
2024-01-20,3,3,"BTC/USD,ETH/USD,FIL/USD...","ALGO/USD,LINK/USD,LTC/USD...",0.2351903436709149,0.6316680910276037,Long Low RVOL / Short High RVOL
2024-01-27,3,3,"AAVE/USD,BTC/USD,ETC/USD...","ALGO/USD,BCH/USD,ONDO/USD...",0.24311969432612912,0.559347164284257,Long Low RVOL / Short High RVOL
2024-02-03,3,3,"BONK/USD,BTC/USD,ETH/USD...","BCH/USD,FIL/USD,XLM/USD...",0.36778985488863597,0.8532086344177167,Long Low RVOL / Short High RVOL
2024-02-10,3,3,"BTC/USD,ETC/USD,ETH/USD...","BONK/USD,GRT/USD,TIA/USD...",0.5448776851526044,0.8573564933653213,Long Low RVOL / Short High RVOL
2024-02-17,3,3,"AERO/USD,BTC/USD,ONDO/USD...","FIL/USD,GRT/USD,TIA/USD...",0.46175744267853563,0.9846708587059696,Long Low RVOL / Short High RVOL
2024-02-24,3,3,"BTC/USD,ETH/USD,LINK/USD...","AAVE/USD,AERO/USD,FIL/USD...",0.4821775284659409,1.0768305224390384,Long Low RVOL / Short High RVOL
2024-03-02,3,3,"BTC/USD,ETH/USD,ONDO/USD...","BCH/USD,ETC/USD,LTC/USD...",0.5600165293469903,2.54287412772017,Long Low RVOL / Short High RVOL
2024-03-09,3,3,"BTC/USD,ETC/USD,ONDO/USD...","AERO/USD,BONK/USD,GRT/USD...",0.42956529082058853,0.7505177713253957,Long Low RVOL / Short High RVOL
2024-03-16,3,3,"AERO/USD,BCH/USD,ETC/USD...","ALGO/USD,TIA/USD,XLM/USD...",0.447947700823541,0.8311011972564292,Long Low RVOL / Short High RVOL
2024-03-23,3,3,"AERO/USD,BONK/USD,BTC/USD...","BCH/USD,ONDO/USD,TIA/USD...",0.3029194201590443,0.5679152671933271,Long Low RVOL / Short High RVOL
2024-03-30,3,3,"AAVE/USD,BTC/USD,LINK/USD...","BONK/USD,LTC/USD,ONDO/USD...",0.325279866177816,0.7741184256677094,Long Low RVOL / Short High RVOL
2024-04-06,3,3,"BONK/USD,BTC/USD,LINK/USD...","AAVE/USD,BCH/USD,ETC/USD...",0.24550567615779803,0.42853839148818773,Long Low RVOL / Short High RVOL
2024-04-13,3,3,"AERO/USD,BCH/USD,LTC/USD...","AAVE/USD,ALGO/USD,LINK/USD...",1.800770198322916,3.48399275998246,Long Low RVOL / Short High RVOL
2024-04-20,3,3,"BTC/USD,ETC/USD,LTC/USD...","BONK/USD,GRT/USD,TIA/USD...",0.38127260533607116,0.8617952309487905,Long Low RVOL / Short High RVOL
2024-04-27,3,3,"BTC/USD,ONDO/USD,TIA/USD...","AERO/USD,BONK/USD,ETC/USD...",0.4100616836902416,0.9070644760900994,Long Low RVOL / Short High RVOL
2024-05-04,3,3,"ALGO/USD,ETH/USD,TIA/USD...","AAVE/USD,BONK/USD,LINK/USD...",0.4101910865393811,0.6360266353383345,Long Low RVOL / Short High RVOL
2024-05-11,3,3,"BONK/USD,BTC/USD,TIA/USD...","GRT/USD,LINK/USD,LTC/USD...",0.3198962411932701,0.4543088506633813,Long Low RVOL / Short High RVOL
2024-05-18,3,3,"BTC/USD,GRT/USD,XLM/USD...","BONK/USD,LINK/USD,ONDO/USD...",0.4123312036388055,1.0370273784232973,Long Low RVOL / Short High RVOL
2024-05-25,3,3,"BTC/USD,ETH/USD,GRT/USD...","AAVE/USD,ALGO/USD,ONDO/USD...",0.45146322091562874,0.9484103601486608,Long Low RVOL / Short High RVOL
2024-06-01,3,3,"BTC/USD,GRT/USD,LINK/USD...","BONK/USD,ONDO/USD,TIA/USD...",0.2809876938632594,0.4376973064373358,Long Low RVOL / Short High RVOL
2024-06-08,3,3,"BTC/USD,ETC/USD,ETH/USD...","ALGO/USD,FIL/USD,GRT/USD...",0.5177019710320111,0.8324296065308003,Long Low RVOL / Short High RVOL
2024-06-15,3,3,"AAVE/USD,BTC/USD,GRT/USD...","ALGO/USD,ETH/USD,LTC/USD...",0.336495392621017,0.7020251435685161,Long Low RVOL / Short High RVOL
2024-06-22,3,3,"BTC/USD,ETC/USD,FIL/USD...","AERO/USD,ALGO/USD,LINK/USD...",0.2861963162364801,0.5703556099438756,Long Low RVOL / Short High RVOL
2024-06-29,3,3,"ETC/USD,ONDO/USD,TIA/USD...","AAVE/USD,BONK/USD,LTC/USD...",0.2635067078993809,0.595452526855039,Long Low RVOL / Short High RVOL
2024-07-06,3,3,"AAVE/USD,ETH/USD,ONDO/USD...","AERO/USD,FIL/USD,TIA/USD...",0.5856239112586393,1.176473372709946,Long Low RVOL / Short High RVOL
2024-07-13,3,3,"BTC/USD,ETH/USD,ONDO/USD...","ETC/USD,FIL/USD,XLM/USD...",0.46520713233336447,1.012371322269688,Long Low RVOL / Short High RVOL
2024-07-20,3,3,"AAVE/USD,AERO/USD,BCH/USD...","BONK/USD,GRT/USD,TIA/USD...",0.3682512979013532,0.6333231351137112,Long Low RVOL / Short High RVOL
2024-07-27,3,3,"ETC/USD,FIL/USD,ONDO/USD...","AAVE/USD,BCH/USD,BTC/USD...",0.5099894746134674,0.7414726250216785,Long Low RVOL / Short High RVOL
2024-08-03,3,3,"AERO/USD,BTC/USD,GRT/USD...","AAVE/USD,ALGO/USD,LTC/USD...",0.8643842349749569,1.2354418712635074,Long Low RVOL / Short High RVOL
2024-08-10,3,3,"BTC/USD,ETC/USD,ETH/USD...","LTC/USD,ONDO/USD,TIA/USD...",0.25884285426594345,0.4980088091510599,Long Low RVOL / Short High RVOL
2024-08-17,3,3,"AERO/USD,ETC/USD,ETH/USD...","AAVE/USD,BCH/USD,LTC/USD...",0.1980522393727548,0.42321788016523165,Long Low RVOL / Short High RVOL
2024-08-24,3,3,"BTC/USD,ETH/USD,LTC/USD...","ALGO/USD,BONK/USD,GRT/USD...",0.4803214721774404,0.7392013163084868,Long Low RVOL / Short High RVOL
2024-08-31,3,3,"BONK/USD,BTC/USD,ETH/USD...","AERO/USD,ETC/USD,LTC/USD...",0.25865751115285085,0.5843734768225437,Long Low RVOL / Short High RVOL
2024-09-07,3,3,"BTC/USD,ETC/USD,XLM/USD...","ALGO/USD,BCH/USD,ONDO/USD...",0.5060162085999266,0.9279869500048067,Long Low RVOL / Short High RVOL
2024-09-14,3,3,"BTC/USD,ETC/USD,ETH/USD...","AERO/USD,TIA/USD,XLM/USD...",0.4364629031180798,0.6949353345975323,Long Low RVOL / Short High RVOL
2024-09-21,3,3,"AAVE/USD,AERO/USD,BTC/USD...","BONK/USD,GRT/USD,ONDO/USD...",0.5593792915841507,0.8469991047596965,Long Low RVOL / Short High RVOL
2024-09-28,3,3,"AAVE/USD,BTC/USD,ETH/USD...","ALGO/USD,BONK/USD,XLM/USD...",0.4486016194637926,1.4382749247195452,Long Low RVOL / Short High RVOL
2024-10-05,3,3,"AAVE/USD,BTC/USD,ETC/USD...","FIL/USD,LINK/USD,ONDO/USD...",0.2200995196877258,0.6392501646084446,Long Low RVOL / Short High RVOL
2024-10-12,3,3,"ETC/USD,ETH/USD,ONDO/USD...","AAVE/USD,AERO/USD,LTC/USD...",0.3955535544768268,0.5919920175991005,Long Low RVOL / Short High RVOL
2024-10-19,3,3,"BTC/USD,ETH/USD,TIA/USD...","ALGO/USD,ETC/USD,LTC/USD...",0.34555400402012904,0.6368450205964267,Long Low RVOL / Short High RVOL
2024-10-26,3,3,"BONK/USD,BTC/USD,TIA/USD...","AERO/USD,ALGO/USD,XLM/USD...",0.473850487922842,0.9215196497433276,Long Low RVOL / Short High RVOL
2024-11-02,3,3,"BONK/USD,BTC/USD,ETH/USD...","ALGO/USD,BCH/USD,TIA/USD...",0.3159875326578857,0.606901584442416,Long Low RVOL / Short High RVOL
2024-11-09,3,3,"BTC/USD,TIA/USD,XLM/USD...","ALGO/USD,ETC/USD,GRT/USD...",0.95552481919565,1.742783647608563,Long Low RVOL / Short High RVOL
2024-11-16,3,3,"AAVE/USD,BTC/USD,ETH/USD...","ALGO/USD,ETC/USD,XLM/USD...",0.8930940991911223,4.392392692240193,Long Low RVOL / Short High RVOL
2024-11-23,3,3,"BONK/USD,BTC/USD,ETH/USD...","ALGO/USD,TIA/USD,XLM/USD...",1.1151769746229623,3.359685123764254,Long Low RVOL / Short High RVOL
2024-11-30,3,3,"BONK/USD,BTC/USD,ETH/USD...","ALGO/USD,FIL/USD,LINK/USD...",0.5947281110160082,0.8614600762102822,Long Low RVOL / Short High RVOL
2024-12-07,3,3,"BTC/USD,ETH/USD,XLM/USD...","AAVE/USD,ALGO/USD,LINK/USD...",0.43326383118878176,0.723538331098912,Long Low RVOL / Short High RVOL
2024-12-14,3,3,"BTC/USD,TIA/USD,XLM/USD...","AAVE/USD,FIL/USD,LINK/USD...",0.28770656175060266,0.4652874042313653,Long Low RVOL / Short High RVOL
2024-12-21,3,3,"BCH/USD,BTC/USD,ETC/USD...","AAVE/USD,BONK/USD,GRT/USD...",0.4356116357758915,0.6564049330854795,Long Low RVOL / Short High RVOL
2024-12-28,3,3,"BCH/USD,BTC/USD,ETC/USD...","AAVE/USD,LINK/USD,TIA/USD...",0.2148918250215684,0.40885463367311853,Long Low RVOL / Short High RVOL
2025-01-04,3,3,"BTC/USD,ETH/USD,FIL/USD...","PEPE/USD,WIF/USD,XLM/USD...",0.408778369686014,0.7297310572598785,Long Low RVOL / Short High RVOL
2025-01-11,3,3,"BTC/USD,ETC/USD,ETH/USD...","TIA/USD,WIF/USD,XLM/USD...",0.381549937667259,0.7582375623863055,Long Low RVOL / Short High RVOL
2025-01-18,3,3,"BTC/USD,GRT/USD,XLM/USD...","BONK/USD,LTC/USD,WIF/USD...",1.0451969394233727,1.7895119697791293,Long Low RVOL / Short High RVOL
2025-01-25,3,3,"BTC/USD,FIL/USD,XLM/USD...","BCH/USD,LTC/USD,WIF/USD...",0.3963038280626156,0.6465425869654313,Long Low RVOL / Short High RVOL
2025-02-01,3,3,"ALGO/USD,BTC/USD,XLM/USD...","LTC/USD,TIA/USD,WIF/USD...",0.5267761480680189,0.7677817396969752,Long Low RVOL / Short High RVOL
2025-02-08,3,3,"BONK/USD,BTC/USD,ETC/USD...","ETH/USD,TIA/USD,WIF/USD...",0.26172806179297997,0.5811794880836437,Long Low RVOL / Short High RVOL
2025-02-15,4,4,"AAVE/USD,BTC/USD,ETC/USD,ETH/USD...","LTC/USD,PENGU/USD,WIF/USD,XLM/USD...",0.2778859805690172,0.4835387264623454,Long Low RVOL / Short High RVOL
2025-02-22,4,4,"ALGO/USD,BCH/USD,BONK/USD,PEPE/USD...","BTC/USD,GRT/USD,PENGU/USD,TIA/USD...",0.303876143125351,0.5452650203060428,Long Low RVOL / Short High RVOL
2025-03-01,4,4,"FIL/USD,GRT/USD,LTC/USD,WIF/USD...","ALGO/USD,BCH/USD,TIA/USD,XLM/USD...",0.5265027752222204,0.7335238854738223,Long Low RVOL / Short High RVOL
2025-03-08,4,4,"BTC/USD,ETH/USD,GRT/USD,XLM/USD...","AAVE/USD,BCH/USD,ETC/USD,PENGU/USD...",0.4245711720061528,0.8964413242021779,Long Low RVOL / Short High RVOL
2025-03-15,4,4,"AAVE/USD,BTC/USD,ETH/USD,LTC/USD...","ALGO/USD,BCH/USD,GRT/USD,WIF/USD...",0.2666123875309859,0.5844333561495776,Long Low RVOL / Short High RVOL
2025-03-22,4,4,"BTC/USD,ETH/USD,LTC/USD,PENGU/USD...","ALGO/USD,BONK/USD,PEPE/USD,WIF/USD...",0.2317287174872197,0.4449598508185846,Long Low RVOL / Short High RVOL
2025-03-29,4,4,"BCH/USD,BTC/USD,PENGU/USD,WIF/USD...","BONK/USD,ETH/USD,GRT/USD,LINK/USD...",0.4065037426504839,0.6828322909936151,Long Low RVOL / Short High RVOL
2025-04-05,4,4,"AAVE/USD,ETH/USD,PENGU/USD,TIA/USD...","ALGO/USD,FIL/USD,WIF/USD,XLM/USD...",0.3378625522342841,0.5884349096880924,Long Low RVOL / Short High RVOL
2025-04-12,4,4,"BTC/USD,ETH/USD,LINK/USD,XLM/USD...","BCH/USD,BONK/USD,PENGU/USD,WIF/USD...",0.6349786434477743,1.692371836947389,Long Low RVOL / Short High RVOL
2025-04-19,4,4,"BCH/USD,BTC/USD,LINK/USD,PENGU/USD...","BONK/USD,GRT/USD,PEPE/USD,TIA/USD...",0.2424136680630756,0.5908683502161103,Long Low RVOL / Short High RVOL
2025-04-26,4,4,"BTC/USD,ETH/USD,LINK/USD,LTC/USD...","BONK/USD,PENGU/USD,PEPE/USD,XLM/USD...",0.5546746071378296,1.018697003284769,Long Low RVOL / Short High RVOL
2025-05-03,4,4,"BCH/USD,BTC/USD,ETH/USD,WIF/USD...","AAVE/USD,ETC/USD,FIL/USD,TIA/USD...",0.4151992528496939,0.8719393377235669,Long Low RVOL / Short High RVOL
2025-05-10,4,4,"BCH/USD,BONK/USD,BTC/USD,PENGU/USD...","ETC/USD,LTC/USD,PEPE/USD,WIF/USD...",0.8402547534679345,1.7257224381849103,Long Low RVOL / Short High RVOL
2025-05-17,4,4,"BCH/USD,BONK/USD,BTC/USD,PENGU/USD...","FIL/USD,GRT/USD,LINK/USD,XLM/USD...",0.4108601115845564,0.74954686136509,Long Low RVOL / Short High RVOL
2025-05-24,4,4,"ETH/USD,LTC/USD,PENGU/USD,XLM/USD...","AAVE/USD,FIL/USD,GRT/USD,TIA/USD...",0.2742831343282158,0.7080018411305606,Long Low RVOL / Short High RVOL
2025-05-31,4,4,"AAVE/USD,BTC/USD,ETH/USD,LTC/USD...","ALGO/USD,BCH/USD,FIL/USD,PEPE/USD...",0.5082373470531222,0.8640444286899095,Long Low RVOL / Short High RVOL
2025-06-07,4,4,"AAVE/USD,ALGO/USD,ETH/USD,GRT/USD...","ENA/USD,LINK/USD,PENGU/USD,TIA/USD...",0.3046614739806689,0.5696199683392724,Long Low RVOL / Short High RVOL
2025-06-14,4,4,"ALGO/USD,BTC/USD,ENA/USD,ETC/USD...","AAVE/USD,FARTCOIN/USD,LTC/USD,TIA/USD...",0.3866887972801675,0.6015077153569931,Long Low RVOL / Short High RVOL
2025-06-21,4,4,"BTC/USD,PENGU/USD,PEPE/USD,WIF/USD...","ALGO/USD,FIL/USD,GRT/USD,TIA/USD...",0.7219600418716888,1.0518739596613274,Long Low RVOL / Short High RVOL
2025-06-28,4,4,"AAVE/USD,BTC/USD,ETC/USD,ETH/USD...","BONK/USD,LTC/USD,PENGU/USD,TIA/USD...",0.235651668546985,0.6715858726401104,Long Low RVOL / Short High RVOL
2025-07-05,4,4,"ALGO/USD,ETC/USD,ETH/USD,FARTCOIN/USD...","BONK/USD,LTC/USD,PENGU/USD,WIF/USD...",0.23853461274650578,0.49872210034965353,Long Low RVOL / Short High RVOL
2025-07-12,4,4,"AAVE/USD,BTC/USD,ETH/USD,FARTCOIN/USD...","BONK/USD,GRT/USD,PENGU/USD,XLM/USD...",0.6122980661184324,1.398255831787017,Long Low RVOL / Short High RVOL
2025-07-19,4,4,"AAVE/USD,BONK/USD,BTC/USD,XLM/USD...","BCH/USD,ENA/USD,ETC/USD,LTC/USD...",0.5526833210336306,1.0346547428410995,Long Low RVOL / Short High RVOL
2025-07-26,4,4,"AAVE/USD,FIL/USD,PEPE/USD,XLM/USD...","BCH/USD,BTC/USD,ENA/USD,PENGU/USD...",0.36954458977515153,0.6192205346100087,Long Low RVOL / Short High RVOL
2025-08-02,4,4,"ALGO/USD,BTC/USD,ETC/USD,WIF/USD...","ENA/USD,FIL/USD,LTC/USD,PENGU/USD...",0.38189959284560504,0.7687260629789321,Long Low RVOL / Short High RVOL
2025-08-09,4,4,"BTC/USD,TIA/USD,WIF/USD,XLM/USD...","ENA/USD,ETC/USD,ETH/USD,LINK/USD...",0.6767399856674308,1.2121460216838864,Long Low RVOL / Short High RVOL
2025-08-16,4,4,"BCH/USD,BONK/USD,BTC/USD,PENGU/USD...","FARTCOIN/USD,LINK/USD,LTC/USD,TIA/USD...",0.3389891028424018,0.5296349200918457,Long Low RVOL / Short High RVOL
2025-08-23,4,4,"BCH/USD,BTC/USD,ETH/USD,LTC/USD...","AAVE/USD,ENA/USD,ETC/USD,WIF/USD...",0.484879219267203,0.8700931787317528,Long Low RVOL / Short High RVOL
2025-08-30,4,4,"ETC/USD,FARTCOIN/USD,LINK/USD,WIF/USD...","BCH/USD,BONK/USD,ENA/USD,TIA/USD...",0.3038689858643348,0.5104361532525722,Long Low RVOL / Short High RVOL
2025-09-06,4,4,"ALGO/USD,ETC/USD,ETH/USD,FARTCOIN/USD...","BCH/USD,ENA/USD,FIL/USD,TIA/USD...",0.25792679756859693,0.4482998311169819,Long Low RVOL / Short High RVOL
2025-09-13,4,4,"BTC/USD,ENA/USD,ETC/USD,ETH/USD...","BONK/USD,FARTCOIN/USD,GRT/USD,PEPE/USD...",0.6109235717784757,1.2515100620196913,Long Low RVOL / Short High RVOL
2025-09-20,4,4,"ENA/USD,ETC/USD,ETH/USD,GRT/USD...","BTC/USD,FARTCOIN/USD,LTC/USD,PENGU/USD...",0.34388898116526595,0.550183567011118,Long Low RVOL / Short High RVOL
2025-09-27,4,4,"BCH/USD,BONK/USD,ETC/USD,PENGU/USD...","ALGO/USD,FARTCOIN/USD,FIL/USD,LTC/USD...",0.24500159119282217,0.4379380863130313,Long Low RVOL / Short High RVOL
2025-10-04,4,4,"AAVE/USD,BTC/USD,ETC/USD,ETH/USD...","BCH/USD,BONK/USD,ENA/USD,TIA/USD...",0.5047732154009527,1.015620657336207,Long Low RVOL / Short High RVOL
2025-10-11,4,4,"BTC/USD,ENA/USD,ETH/USD,XLM/USD...","ETC/USD,FIL/USD,GRT/USD,WIF/USD...",1.8606202796924036,3.411396703719459,Long Low RVOL / Short High RVOL
2025-10-18,4,4,"ETC/USD,ETH/USD,PENGU/USD,PEPE/USD...","AAVE/USD,ENA/USD,FIL/USD,TIA/USD...",0.3455041093361864,0.4709784491223722,Long Low RVOL / Short High RVOL
