date,portfolio_value,num_long_positions,num_short_positions,long_exposure,short_exposure,net_exposure,gross_exposure,long_positions,short_positions
2025-01-27,10000.0,3,0,0.5,0.0,0.5,0.5,"BTC/USDC:USDC, SOL/USDC:USDC, XRP/USDC:USDC",None
2025-01-28,9938.789528289813,3,0,0.5,0.0,0.5,0.5,"BTC/USDC:USDC, SOL/USDC:USDC, XRP/USDC:USDC",None
2025-01-29,10010.965905539162,3,0,0.5,0.0,0.5,0.5,"BTC/USDC:USDC, SOL/USDC:USDC, XRP/USDC:USDC",None
2025-01-30,10109.042012909638,3,0,0.5,0.0,0.5,0.5,"BTC/USDC:USDC, SOL/USDC:USDC, XRP/USDC:USDC",None
2025-01-31,9986.62211567911,3,0,0.49999999999999994,0.0,0.49999999999999994,0.49999999999999994,"BTC/USDC:USDC, SOL/USDC:USDC, XRP/USDC:USDC",None
2025-02-01,9774.498551110493,3,0,0.5,0.0,0.5,0.5,"BTC/USDC:USDC, SOL/USDC:USDC, XRP/USDC:USDC",None
2025-02-02,9523.388222002017,3,0,0.5,0.0,0.5,0.5,"BTC/USDC:USDC, SOL/USDC:USDC, XRP/USDC:USDC",None
2025-02-03,9735.734184482042,3,1,0.5,0.5,1.3877787807814457e-17,1.0,"BTC/USDC:USDC, SOL/USDC:USDC, XRP/USDC:USDC",ETH/USDC:USDC
2025-02-04,9772.951458447998,3,1,0.49999999999999994,0.5,-6.938893903907228e-17,1.0,"BTC/USDC:USDC, SOL/USDC:USDC, XRP/USDC:USDC",ETH/USDC:USDC
2025-02-05,9511.294725640353,3,1,0.49999999999999994,0.5,-5.551115123125783e-17,1.0,"BTC/USDC:USDC, SOL/USDC:USDC, XRP/USDC:USDC",ETH/USDC:USDC
2025-02-06,9622.241175919775,3,1,0.5,0.5,5.551115123125783e-17,1.0,"BTC/USDC:USDC, SOL/USDC:USDC, XRP/USDC:USDC",ETH/USDC:USDC
2025-02-07,9787.926854977757,3,1,0.5,0.5,-2.7755575615628914e-17,1.0,"BTC/USDC:USDC, SOL/USDC:USDC, XRP/USDC:USDC",ETH/USDC:USDC
2025-02-08,9820.457689419341,3,1,0.5,0.5,4.163336342344337e-17,1.0,"BTC/USDC:USDC, SOL/USDC:USDC, XRP/USDC:USDC",ETH/USDC:USDC
2025-02-09,9824.098086241507,3,1,0.5,0.5,1.3877787807814457e-17,1.0,"BTC/USDC:USDC, SOL/USDC:USDC, XRP/USDC:USDC",ETH/USDC:USDC
2025-02-10,9803.710170018707,3,1,0.5,0.5,0.0,1.0,"BTC/USDC:USDC, SOL/USDC:USDC, XRP/USDC:USDC",ETH/USDC:USDC
2025-02-11,9845.06926544,3,1,0.5,0.5,-1.3877787807814457e-17,1.0,"BTC/USDC:USDC, SOL/USDC:USDC, XRP/USDC:USDC",ETH/USDC:USDC
2025-02-12,9677.704694183498,3,1,0.5,0.5,0.0,1.0,"BTC/USDC:USDC, SOL/USDC:USDC, XRP/USDC:USDC",ETH/USDC:USDC
2025-02-13,9782.755907118026,3,1,0.5,0.5,1.3877787807814457e-17,1.0,"BTC/USDC:USDC, SOL/USDC:USDC, XRP/USDC:USDC",ETH/USDC:USDC
2025-02-14,9821.609665256556,3,1,0.5,0.5,-1.3877787807814457e-17,1.0,"BTC/USDC:USDC, SOL/USDC:USDC, XRP/USDC:USDC",ETH/USDC:USDC
2025-02-15,9865.07525034594,3,1,0.5,0.5,0.0,1.0,"BTC/USDC:USDC, SOL/USDC:USDC, XRP/USDC:USDC",ETH/USDC:USDC
2025-02-16,9833.231308451164,2,1,0.5,0.5,2.7755575615628914e-17,1.0,"BTC/USDC:USDC, SOL/USDC:USDC",ETH/USDC:USDC
2025-02-17,9594.118899846675,2,1,0.5,0.5,0.0,1.0,"BTC/USDC:USDC, SOL/USDC:USDC",ETH/USDC:USDC
2025-02-18,9641.200264775478,2,1,0.5,0.5,0.0,1.0,"BTC/USDC:USDC, SOL/USDC:USDC",ETH/USDC:USDC
2025-02-19,9592.759581304612,1,1,0.5,0.5,0.0,1.0,BTC/USDC:USDC,ETH/USDC:USDC
2025-02-20,9631.87634499311,0,1,0.0,0.5,-0.5,0.5,None,ETH/USDC:USDC
2025-02-21,9762.219865492318,0,1,0.0,0.5,-0.5,0.5,None,ETH/USDC:USDC
2025-02-22,9586.277479641358,0,1,0.0,0.5,-0.5,0.5,None,ETH/USDC:USDC
2025-02-23,9492.101900618418,0,1,0.0,0.5,-0.5,0.5,None,ETH/USDC:USDC
2025-02-24,10051.190211291085,0,1,0.0,0.5,-0.5,0.5,None,ETH/USDC:USDC
2025-02-25,10090.813847281277,0,1,0.0,0.5,-0.5,0.5,None,ETH/USDC:USDC
2025-02-26,10427.422182202825,0,1,0.0,0.5,-0.5,0.5,None,ETH/USDC:USDC
2025-02-27,10490.50183570609,0,1,0.0,0.5,-0.5,0.5,None,ETH/USDC:USDC
2025-02-28,10657.399518501099,0,1,0.0,0.5,-0.5,0.5,None,ETH/USDC:USDC
2025-03-01,10700.082040854842,0,1,0.0,0.5,-0.5,0.5,None,ETH/USDC:USDC
2025-03-02,10042.403855074183,0,1,0.0,0.5,-0.5,0.5,None,ETH/USDC:USDC
2025-03-03,10873.556100516611,0,1,0.0,0.5,-0.5,0.5,None,ETH/USDC:USDC
2025-03-04,10816.292091047864,0,1,0.0,0.5,-0.5,0.5,None,ETH/USDC:USDC
2025-03-05,10645.501643178974,0,2,0.0,0.5,-0.5,0.5,None,"UBTC/USDC, ETH/USDC:USDC"
2025-03-06,10736.447715629758,0,2,0.0,0.5,-0.5,0.5,None,"ETH/USDC:USDC, UBTC/USDC"
2025-03-07,10891.850491478035,0,2,0.0,0.5,-0.5,0.5,None,"ETH/USDC:USDC, UBTC/USDC"
2025-03-08,10747.068749975424,0,2,0.0,0.49999999999999994,-0.49999999999999994,0.49999999999999994,None,"ETH/USDC:USDC, UBTC/USDC"
2025-03-09,11217.714232422391,0,2,0.0,0.5,-0.5,0.5,None,"ETH/USDC:USDC, UBTC/USDC"
2025-03-10,11655.983534257797,0,3,0.0,0.5,-0.5,0.5,None,"ETH/USDC:USDC, SOL/USDC:USDC, UBTC/USDC"
2025-03-11,11409.763236740922,0,3,0.0,0.5,-0.5,0.5,None,"ETH/USDC:USDC, SOL/USDC:USDC, UBTC/USDC"
2025-03-12,11409.15423796433,0,3,0.0,0.5,-0.5,0.5,None,"ETH/USDC:USDC, SOL/USDC:USDC, UBTC/USDC"
2025-03-13,11550.315135315815,0,3,0.0,0.5,-0.5,0.5,None,"ETH/USDC:USDC, SOL/USDC:USDC, UBTC/USDC"
2025-03-14,11282.438534728066,0,3,0.0,0.5,-0.5,0.5,None,"ETH/USDC:USDC, SOL/USDC:USDC, UBTC/USDC"
2025-03-15,11199.48575706203,0,3,0.0,0.49999999999999994,-0.49999999999999994,0.49999999999999994,None,"ETH/USDC:USDC, SOL/USDC:USDC, UBTC/USDC"
2025-03-16,11454.532124555184,0,3,0.0,0.5,-0.5,0.5,None,"ETH/USDC:USDC, SOL/USDC:USDC, UBTC/USDC"
2025-03-17,11353.362107998004,0,3,0.0,0.49999999999999994,-0.49999999999999994,0.49999999999999994,None,"ETH/USDC:USDC, SOL/USDC:USDC, UBTC/USDC"
2025-03-18,11413.886016649549,0,3,0.0,0.5,-0.5,0.5,None,"ETH/USDC:USDC, SOL/USDC:USDC, UBTC/USDC"
2025-03-19,11082.832835608788,0,3,0.0,0.5,-0.5,0.5,None,"ETH/USDC:USDC, SOL/USDC:USDC, UBTC/USDC"
2025-03-20,11298.962611831064,0,3,0.0,0.5,-0.5,0.5,None,"ETH/USDC:USDC, SOL/USDC:USDC, UBTC/USDC"
2025-03-21,11310.63683882353,0,3,0.0,0.49999999999999994,-0.49999999999999994,0.49999999999999994,None,"ETH/USDC:USDC, SOL/USDC:USDC, UBTC/USDC"
2025-03-22,11304.18862798367,0,3,0.0,0.5,-0.5,0.5,None,"ETH/USDC:USDC, SOL/USDC:USDC, UBTC/USDC"
2025-03-23,11171.85299749352,0,3,0.0,0.5,-0.5,0.5,None,"ETH/USDC:USDC, SOL/USDC:USDC, UBTC/USDC"
2025-03-24,10991.723942972914,0,3,0.0,0.5,-0.5,0.5,None,"ETH/USDC:USDC, SOL/USDC:USDC, UBTC/USDC"
2025-03-25,10983.944037303025,0,3,0.0,0.5,-0.5,0.5,None,"ETH/USDC:USDC, SOL/USDC:USDC, UBTC/USDC"
2025-03-26,11102.39433150735,0,3,0.0,0.5,-0.5,0.5,None,"ETH/USDC:USDC, SOL/USDC:USDC, UBTC/USDC"
2025-03-27,11089.230834861683,0,3,0.0,0.5,-0.5,0.5,None,"ETH/USDC:USDC, SOL/USDC:USDC, UBTC/USDC"
2025-03-28,11357.73421710856,0,3,0.0,0.5,-0.5,0.5,None,"ETH/USDC:USDC, SOL/USDC:USDC, UBTC/USDC"
2025-03-29,11529.944149902776,0,3,0.0,0.5,-0.5,0.5,None,"ETH/USDC:USDC, SOL/USDC:USDC, UBTC/USDC"
2025-03-30,11556.306303323126,0,3,0.0,0.5,-0.5,0.5,None,"ETH/USDC:USDC, SOL/USDC:USDC, UBTC/USDC"
2025-03-31,11537.445274185267,0,3,0.0,0.5,-0.5,0.5,None,"ETH/USDC:USDC, SOL/USDC:USDC, UBTC/USDC"
2025-04-01,11353.177676141288,0,3,0.0,0.5,-0.5,0.5,None,"ETH/USDC:USDC, SOL/USDC:USDC, UBTC/USDC"
2025-04-02,11648.253300847302,0,3,0.0,0.5,-0.5,0.5,None,"ETH/USDC:USDC, SOL/USDC:USDC, UBTC/USDC"
2025-04-03,11608.713509420253,0,4,0.0,0.5,-0.5,0.5,None,"ETH/USDC:USDC, HYPE/USDC:USDC, SOL/USDC:USDC, UBTC/USDC"
2025-04-04,11517.342979818912,0,4,0.0,0.5,-0.5,0.5,None,"ETH/USDC:USDC, HYPE/USDC:USDC, SOL/USDC:USDC, UBTC/USDC"
2025-04-05,11549.68873640844,0,4,0.0,0.5,-0.5,0.5,None,"ETH/USDC:USDC, HYPE/USDC:USDC, SOL/USDC:USDC, UBTC/USDC"
2025-04-06,12211.16164449939,0,4,0.0,0.5,-0.5,0.5,None,"ETH/USDC:USDC, HYPE/USDC:USDC, SOL/USDC:USDC, UBTC/USDC"
2025-04-07,12095.9975295396,0,4,0.0,0.5,-0.5,0.5,None,"ETH/USDC:USDC, HYPE/USDC:USDC, SOL/USDC:USDC, UBTC/USDC"
2025-04-08,12307.55448060082,0,4,0.0,0.5,-0.5,0.5,None,"ETH/USDC:USDC, HYPE/USDC:USDC, SOL/USDC:USDC, UBTC/USDC"
2025-04-09,11614.720322221583,0,4,0.0,0.5,-0.5,0.5,None,"ETH/USDC:USDC, HYPE/USDC:USDC, SOL/USDC:USDC, UBTC/USDC"
2025-04-10,11873.209953872309,0,4,0.0,0.5,-0.5,0.5,None,"ETH/USDC:USDC, HYPE/USDC:USDC, SOL/USDC:USDC, UBTC/USDC"
2025-04-11,11545.066427405345,0,4,0.0,0.5,-0.5,0.5,None,"ETH/USDC:USDC, HYPE/USDC:USDC, SOL/USDC:USDC, UBTC/USDC"
2025-04-12,11284.964882418244,0,4,0.0,0.49999999999999994,-0.49999999999999994,0.49999999999999994,None,"ETH/USDC:USDC, HYPE/USDC:USDC, SOL/USDC:USDC, UBTC/USDC"
2025-04-13,11450.928950807927,0,4,0.0,0.5,-0.5,0.5,None,"ETH/USDC:USDC, HYPE/USDC:USDC, SOL/USDC:USDC, UBTC/USDC"
2025-04-14,11379.208458911731,0,4,0.0,0.5,-0.5,0.5,None,"ETH/USDC:USDC, HYPE/USDC:USDC, SOL/USDC:USDC, UBTC/USDC"
2025-04-15,11505.294501545037,0,4,0.0,0.5,-0.5,0.5,None,"ETH/USDC:USDC, HYPE/USDC:USDC, SOL/USDC:USDC, UBTC/USDC"
2025-04-16,11414.549630978088,0,4,0.0,0.5,-0.5,0.5,None,"ETH/USDC:USDC, HYPE/USDC:USDC, SOL/USDC:USDC, UBTC/USDC"
2025-04-17,11281.261111939159,0,4,0.0,0.5,-0.5,0.5,None,"ETH/USDC:USDC, HYPE/USDC:USDC, SOL/USDC:USDC, UBTC/USDC"
2025-04-18,11302.333229434742,0,4,0.0,0.49999999999999994,-0.49999999999999994,0.49999999999999994,None,"ETH/USDC:USDC, HYPE/USDC:USDC, SOL/USDC:USDC, UBTC/USDC"
2025-04-19,11166.573070518249,0,4,0.0,0.5,-0.5,0.5,None,"ETH/USDC:USDC, HYPE/USDC:USDC, SOL/USDC:USDC, UBTC/USDC"
2025-04-20,11224.725954135583,0,4,0.0,0.5,-0.5,0.5,None,"ETH/USDC:USDC, HYPE/USDC:USDC, SOL/USDC:USDC, UBTC/USDC"
2025-04-21,11153.993467475422,0,4,0.0,0.5,-0.5,0.5,None,"ETH/USDC:USDC, HYPE/USDC:USDC, SOL/USDC:USDC, UBTC/USDC"
2025-04-22,10728.274039378326,0,4,0.0,0.49999999999999994,-0.49999999999999994,0.49999999999999994,None,"ETH/USDC:USDC, HYPE/USDC:USDC, SOL/USDC:USDC, UBTC/USDC"
2025-04-23,10709.802741316204,0,4,0.0,0.5,-0.5,0.5,None,"ETH/USDC:USDC, HYPE/USDC:USDC, SOL/USDC:USDC, UBTC/USDC"
2025-04-24,10694.067637863322,0,4,0.0,0.5,-0.5,0.5,None,"ETH/USDC:USDC, HYPE/USDC:USDC, SOL/USDC:USDC, UBTC/USDC"
2025-04-25,10699.135066612746,0,4,0.0,0.5,-0.5,0.5,None,"ETH/USDC:USDC, HYPE/USDC:USDC, SOL/USDC:USDC, UBTC/USDC"
2025-04-26,10712.211616961928,0,4,0.0,0.5,-0.5,0.5,None,"ETH/USDC:USDC, HYPE/USDC:USDC, SOL/USDC:USDC, UBTC/USDC"
2025-04-27,10788.585108418763,0,4,0.0,0.5,-0.5,0.5,None,"ETH/USDC:USDC, HYPE/USDC:USDC, SOL/USDC:USDC, UBTC/USDC"
2025-04-28,10693.512279255501,0,4,0.0,0.49999999999999994,-0.49999999999999994,0.49999999999999994,None,"ETH/USDC:USDC, HYPE/USDC:USDC, SOL/USDC:USDC, UBTC/USDC"
2025-04-29,10726.930265248377,0,4,0.0,0.5,-0.5,0.5,None,"ETH/USDC:USDC, HYPE/USDC:USDC, SOL/USDC:USDC, UBTC/USDC"
2025-04-30,10655.933403747373,0,4,0.0,0.5,-0.5,0.5,None,"ETH/USDC:USDC, HYPE/USDC:USDC, SOL/USDC:USDC, UBTC/USDC"
2025-05-01,10555.124510907082,0,4,0.0,0.5,-0.5,0.5,None,"ETH/USDC:USDC, HYPE/USDC:USDC, SOL/USDC:USDC, UBTC/USDC"
2025-05-02,10530.663034559891,0,4,0.0,0.5,-0.5,0.5,None,"ETH/USDC:USDC, HYPE/USDC:USDC, SOL/USDC:USDC, UBTC/USDC"
2025-05-03,10562.121849062947,0,4,0.0,0.5,-0.5,0.5,None,"ETH/USDC:USDC, HYPE/USDC:USDC, SOL/USDC:USDC, UBTC/USDC"
2025-05-04,10680.736388144296,0,4,0.0,0.5,-0.5,0.5,None,"ETH/USDC:USDC, HYPE/USDC:USDC, SOL/USDC:USDC, UBTC/USDC"
2025-05-05,10623.29095500384,0,4,0.0,0.5,-0.5,0.5,None,"ETH/USDC:USDC, HYPE/USDC:USDC, SOL/USDC:USDC, UBTC/USDC"
2025-05-06,10552.266777495499,0,4,0.0,0.5,-0.5,0.5,None,"ETH/USDC:USDC, HYPE/USDC:USDC, SOL/USDC:USDC, UBTC/USDC"
2025-05-07,10543.933764578096,0,4,0.0,0.5,-0.5,0.5,None,"ETH/USDC:USDC, HYPE/USDC:USDC, SOL/USDC:USDC, UBTC/USDC"
2025-05-08,9968.044747189299,0,1,0.0,0.5,-0.5,0.5,None,ETH/USDC:USDC
2025-05-09,9672.303572289167,0,1,0.0,0.5,-0.5,0.5,None,ETH/USDC:USDC
2025-05-10,9215.043630142989,0,0,0.0,0.0,0.0,0.0,None,None
2025-05-11,9215.043630142989,0,0,0.0,0.0,0.0,0.0,None,None
2025-05-12,9215.043630142989,0,0,0.0,0.0,0.0,0.0,None,None
2025-05-13,9215.043630142989,0,0,0.0,0.0,0.0,0.0,None,None
2025-05-14,9215.043630142989,0,0,0.0,0.0,0.0,0.0,None,None
2025-05-15,9215.043630142989,0,0,0.0,0.0,0.0,0.0,None,None
2025-05-16,9215.043630142989,0,0,0.0,0.0,0.0,0.0,None,None
2025-05-17,9215.043630142989,0,0,0.0,0.0,0.0,0.0,None,None
2025-05-18,9215.043630142989,0,0,0.0,0.0,0.0,0.0,None,None
2025-05-19,9215.043630142989,0,0,0.0,0.0,0.0,0.0,None,None
2025-05-20,9215.043630142989,0,0,0.0,0.0,0.0,0.0,None,None
2025-05-21,9215.043630142989,0,0,0.0,0.0,0.0,0.0,None,None
2025-05-22,9215.043630142989,1,0,0.5,0.0,0.5,0.5,BTC/USDC:USDC,None
2025-05-23,9026.716740279548,3,0,0.5,0.0,0.5,0.5,"BTC/USDC:USDC, HYPE/USDC, HYPE/USDC:USDC",None
2025-05-24,9137.73750349323,3,0,0.5,0.0,0.5,0.5,"BTC/USDC:USDC, HYPE/USDC, HYPE/USDC:USDC",None
2025-05-25,9403.16503612221,3,0,0.5,0.0,0.5,0.5,"BTC/USDC:USDC, HYPE/USDC, HYPE/USDC:USDC",None
2025-05-26,9310.192932786154,3,0,0.5,0.0,0.5,0.5,"BTC/USDC:USDC, HYPE/USDC, HYPE/USDC:USDC",None
2025-05-27,9225.568230390889,3,0,0.5,0.0,0.5,0.5,"BTC/USDC:USDC, HYPE/USDC, HYPE/USDC:USDC",None
2025-05-28,9118.924267755547,3,0,0.5,0.0,0.5,0.5,"BTC/USDC:USDC, HYPE/USDC, HYPE/USDC:USDC",None
2025-05-29,8897.73941660023,3,0,0.5000000000000001,0.0,0.5000000000000001,0.5000000000000001,"BTC/USDC:USDC, HYPE/USDC, HYPE/USDC:USDC",None
2025-05-30,8938.163648258767,3,0,0.49999999999999994,0.0,0.49999999999999994,0.49999999999999994,"BTC/USDC:USDC, HYPE/USDC, HYPE/USDC:USDC",None
2025-05-31,8946.065720825158,3,0,0.49999999999999994,0.0,0.49999999999999994,0.49999999999999994,"BTC/USDC:USDC, HYPE/USDC, HYPE/USDC:USDC",None
2025-06-01,9056.024610210818,3,0,0.5,0.0,0.5,0.5,"BTC/USDC:USDC, HYPE/USDC, HYPE/USDC:USDC",None
2025-06-02,9182.38617822387,3,0,0.5,0.0,0.5,0.5,"BTC/USDC:USDC, HYPE/USDC, HYPE/USDC:USDC",None
2025-06-03,9145.816338409802,3,0,0.5,0.0,0.5,0.5,"BTC/USDC:USDC, HYPE/USDC, HYPE/USDC:USDC",None
2025-06-04,9105.868890893662,3,0,0.5,0.0,0.5,0.5,"BTC/USDC:USDC, HYPE/USDC, HYPE/USDC:USDC",None
2025-06-05,8938.465898887198,3,0,0.5,0.0,0.5,0.5,"BTC/USDC:USDC, HYPE/USDC, HYPE/USDC:USDC",None
2025-06-06,8973.18727472418,3,0,0.5,0.0,0.5,0.5,"BTC/USDC:USDC, HYPE/USDC, HYPE/USDC:USDC",None
2025-06-07,9091.378117146702,3,0,0.5,0.0,0.5,0.5,"BTC/USDC:USDC, HYPE/USDC, HYPE/USDC:USDC",None
2025-06-08,9099.112632213853,3,0,0.5,0.0,0.5,0.5,"BTC/USDC:USDC, HYPE/USDC, HYPE/USDC:USDC",None
2025-06-09,9406.655793331282,3,0,0.49999999999999994,0.0,0.49999999999999994,0.49999999999999994,"BTC/USDC:USDC, HYPE/USDC, HYPE/USDC:USDC",None
2025-06-10,9560.73817627999,3,0,0.5,0.0,0.5,0.5,"BTC/USDC:USDC, HYPE/USDC, HYPE/USDC:USDC",None
2025-06-11,9497.104705939573,3,0,0.5,0.0,0.5,0.5,"BTC/USDC:USDC, HYPE/USDC, HYPE/USDC:USDC",None
2025-06-12,9357.373562908284,3,0,0.5,0.0,0.5,0.5,"BTC/USDC:USDC, HYPE/USDC, HYPE/USDC:USDC",None
2025-06-13,9447.483065901377,3,0,0.5,0.0,0.5,0.5,"BTC/USDC:USDC, HYPE/USDC, HYPE/USDC:USDC",None
2025-06-14,9332.254655500092,3,0,0.5,0.0,0.5,0.5,"BTC/USDC:USDC, HYPE/USDC, HYPE/USDC:USDC",None
2025-06-15,9385.993173153736,3,0,0.5,0.0,0.5,0.5,"BTC/USDC:USDC, HYPE/USDC, HYPE/USDC:USDC",None
2025-06-16,9451.34143854658,3,0,0.5,0.0,0.5,0.5,"BTC/USDC:USDC, HYPE/USDC, HYPE/USDC:USDC",None
2025-06-17,9301.492095327278,3,0,0.5,0.0,0.5,0.5,"BTC/USDC:USDC, HYPE/USDC, HYPE/USDC:USDC",None
2025-06-18,9287.390828177096,3,0,0.5,0.0,0.5,0.5,"BTC/USDC:USDC, HYPE/USDC, HYPE/USDC:USDC",None
2025-06-19,9162.107213495407,3,0,0.5,0.0,0.5,0.5,"BTC/USDC:USDC, HYPE/USDC, HYPE/USDC:USDC",None
2025-06-20,8953.67818100368,3,0,0.5,0.0,0.5,0.5,"BTC/USDC:USDC, HYPE/USDC, HYPE/USDC:USDC",None
2025-06-21,8970.95964250134,3,0,0.5,0.0,0.5,0.5,"BTC/USDC:USDC, HYPE/USDC, HYPE/USDC:USDC",None
2025-06-22,9003.307645834164,2,0,0.5,0.0,0.5,0.5,"HYPE/USDC, HYPE/USDC:USDC",None
2025-06-23,9311.133114631035,2,0,0.5,0.0,0.5,0.5,"HYPE/USDC, HYPE/USDC:USDC",None
2025-06-24,9226.120351168327,2,0,0.5,0.0,0.5,0.5,"HYPE/USDC, HYPE/USDC:USDC",None
2025-06-25,9164.552262078048,2,0,0.5,0.0,0.5,0.5,"HYPE/USDC, HYPE/USDC:USDC",None
2025-06-26,9012.312972665655,2,0,0.5,0.0,0.5,0.5,"HYPE/USDC, HYPE/USDC:USDC",None
2025-06-27,9115.021472814684,2,0,0.4999999999999999,0.0,0.4999999999999999,0.4999999999999999,"HYPE/USDC, HYPE/USDC:USDC",None
2025-06-28,9262.812978500668,2,0,0.5,0.0,0.5,0.5,"HYPE/USDC, HYPE/USDC:USDC",None
2025-06-29,9500.145877629291,2,0,0.5,0.0,0.5,0.5,"HYPE/USDC, HYPE/USDC:USDC",None
2025-06-30,9475.63363168871,2,0,0.5,0.0,0.5,0.5,"HYPE/USDC, HYPE/USDC:USDC",None
2025-07-01,9150.363364628116,2,0,0.5,0.0,0.5,0.5,"HYPE/USDC, HYPE/USDC:USDC",None
2025-07-02,9514.465617408514,2,0,0.5,0.0,0.5,0.5,"HYPE/USDC, HYPE/USDC:USDC",None
2025-07-03,9557.774474094658,2,0,0.5,0.0,0.5,0.5,"HYPE/USDC, HYPE/USDC:USDC",None
2025-07-04,9407.017333688447,2,0,0.5,0.0,0.5,0.5,"HYPE/USDC, HYPE/USDC:USDC",None
2025-07-05,9425.755217710801,2,0,0.5,0.0,0.5,0.5,"HYPE/USDC, HYPE/USDC:USDC",None
2025-07-06,9509.21910316741,2,0,0.5,0.0,0.5,0.5,"HYPE/USDC, HYPE/USDC:USDC",None
2025-07-07,9353.558352723005,2,0,0.49999999999999994,0.0,0.49999999999999994,0.49999999999999994,"HYPE/USDC, HYPE/USDC:USDC",None
2025-07-08,9386.854923235685,2,0,0.5000000000000001,0.0,0.5000000000000001,0.5000000000000001,"HYPE/USDC, HYPE/USDC:USDC",None
2025-07-09,9608.14831982953,2,0,0.5,0.0,0.5,0.5,"HYPE/USDC, HYPE/USDC:USDC",None
2025-07-10,9969.760650471026,3,0,0.5,0.0,0.5,0.5,"BTC/USDC:USDC, HYPE/USDC, HYPE/USDC:USDC",None
2025-07-11,10129.321944130652,3,0,0.49999999999999994,0.0,0.49999999999999994,0.49999999999999994,"BTC/USDC:USDC, HYPE/USDC, HYPE/USDC:USDC",None
2025-07-12,10160.787954717895,3,0,0.5,0.0,0.5,0.5,"BTC/USDC:USDC, HYPE/USDC, HYPE/USDC:USDC",None
2025-07-13,10282.160662329647,3,0,0.5,0.0,0.5,0.5,"BTC/USDC:USDC, HYPE/USDC, HYPE/USDC:USDC",None
2025-07-14,10245.53101018182,3,0,0.5,0.0,0.5,0.5,"BTC/USDC:USDC, HYPE/USDC, HYPE/USDC:USDC",None
2025-07-15,10202.814891211889,3,0,0.49999999999999994,0.0,0.49999999999999994,0.49999999999999994,"BTC/USDC:USDC, HYPE/USDC, HYPE/USDC:USDC",None
2025-07-16,10188.846407584659,3,0,0.5,0.0,0.5,0.5,"BTC/USDC:USDC, HYPE/USDC, HYPE/USDC:USDC",None
2025-07-17,10136.59739571385,4,0,0.5,0.0,0.5,0.5,"BTC/USDC:USDC, HYPE/USDC, HYPE/USDC:USDC, XRP/USDC:USDC",None
2025-07-18,10042.559848845463,4,0,0.5,0.0,0.5,0.5,"BTC/USDC:USDC, HYPE/USDC, HYPE/USDC:USDC, XRP/USDC:USDC",None
2025-07-19,10049.681834199606,4,0,0.5,0.0,0.5,0.5,"BTC/USDC:USDC, HYPE/USDC, HYPE/USDC:USDC, XRP/USDC:USDC",None
2025-07-20,10105.184601760904,5,0,0.5,0.0,0.5,0.5,"BTC/USDC:USDC, ETH/USDC:USDC, HYPE/USDC, HYPE/USDC:USDC, XRP/USDC:USDC",None
2025-07-21,10072.089736228147,5,0,0.5,0.0,0.5,0.5,"BTC/USDC:USDC, ETH/USDC:USDC, HYPE/USDC, HYPE/USDC:USDC, XRP/USDC:USDC",None
2025-07-22,10175.160216648099,5,0,0.5,0.0,0.5,0.5,"BTC/USDC:USDC, ETH/USDC:USDC, HYPE/USDC, HYPE/USDC:USDC, XRP/USDC:USDC",None
2025-07-23,9955.8794546965,5,0,0.5,0.0,0.5,0.5,"BTC/USDC:USDC, ETH/USDC:USDC, HYPE/USDC, HYPE/USDC:USDC, XRP/USDC:USDC",None
2025-07-24,9906.40510615267,5,0,0.5,0.0,0.5,0.5,"BTC/USDC:USDC, ETH/USDC:USDC, HYPE/USDC, HYPE/USDC:USDC, XRP/USDC:USDC",None
2025-07-25,9967.646646109431,5,0,0.5,0.0,0.5,0.5,"BTC/USDC:USDC, ETH/USDC:USDC, HYPE/USDC, HYPE/USDC:USDC, XRP/USDC:USDC",None
2025-07-26,9954.085406903876,5,0,0.5,0.0,0.5,0.5,"BTC/USDC:USDC, ETH/USDC:USDC, HYPE/USDC, HYPE/USDC:USDC, XRP/USDC:USDC",None
2025-07-27,10039.728540593764,5,0,0.5,0.0,0.5,0.5,"BTC/USDC:USDC, ETH/USDC:USDC, HYPE/USDC, HYPE/USDC:USDC, XRP/USDC:USDC",None
2025-07-28,9973.58356905522,5,0,0.5,0.0,0.5,0.5,"BTC/USDC:USDC, ETH/USDC:USDC, HYPE/USDC, HYPE/USDC:USDC, XRP/USDC:USDC",None
2025-07-29,9964.295625488414,5,0,0.5,0.0,0.5,0.5,"BTC/USDC:USDC, ETH/USDC:USDC, HYPE/USDC, HYPE/USDC:USDC, XRP/USDC:USDC",None
2025-07-30,9917.447349138043,5,0,0.5,0.0,0.5,0.5,"BTC/USDC:USDC, ETH/USDC:USDC, HYPE/USDC, HYPE/USDC:USDC, XRP/USDC:USDC",None
2025-07-31,9787.067814649903,5,0,0.5,0.0,0.5,0.5,"BTC/USDC:USDC, ETH/USDC:USDC, HYPE/USDC, HYPE/USDC:USDC, XRP/USDC:USDC",None
2025-08-01,9563.596643743924,5,0,0.5,0.0,0.5,0.5,"BTC/USDC:USDC, ETH/USDC:USDC, HYPE/USDC, HYPE/USDC:USDC, XRP/USDC:USDC",None
2025-08-02,9459.438252141026,5,0,0.5,0.0,0.5,0.5,"BTC/USDC:USDC, ETH/USDC:USDC, HYPE/USDC, HYPE/USDC:USDC, XRP/USDC:USDC",None
2025-08-03,9598.387659917877,5,0,0.5,0.0,0.5,0.5,"BTC/USDC:USDC, ETH/USDC:USDC, HYPE/USDC, HYPE/USDC:USDC, XRP/USDC:USDC",None
2025-08-04,9715.799653244309,5,0,0.5,0.0,0.5,0.5,"BTC/USDC:USDC, ETH/USDC:USDC, HYPE/USDC, HYPE/USDC:USDC, XRP/USDC:USDC",None
2025-08-05,9641.006278481607,5,0,0.5,0.0,0.5,0.5,"BTC/USDC:USDC, ETH/USDC:USDC, HYPE/USDC, HYPE/USDC:USDC, XRP/USDC:USDC",None
2025-08-06,9662.60906473862,5,0,0.5,0.0,0.5,0.5,"BTC/USDC:USDC, ETH/USDC:USDC, HYPE/USDC, HYPE/USDC:USDC, XRP/USDC:USDC",None
2025-08-07,9925.773534392276,5,0,0.5000000000000001,0.0,0.5000000000000001,0.5000000000000001,"BTC/USDC:USDC, ETH/USDC:USDC, HYPE/USDC, HYPE/USDC:USDC, XRP/USDC:USDC",None
2025-08-08,9931.021304700576,5,0,0.5,0.0,0.5,0.5,"BTC/USDC:USDC, ETH/USDC:USDC, HYPE/USDC, HYPE/USDC:USDC, XRP/USDC:USDC",None
2025-08-09,10065.841795651284,5,0,0.5,0.0,0.5,0.5,"BTC/USDC:USDC, ETH/USDC:USDC, HYPE/USDC, HYPE/USDC:USDC, XRP/USDC:USDC",None
2025-08-10,10163.076820714548,5,0,0.5,0.0,0.5,0.5,"BTC/USDC:USDC, ETH/USDC:USDC, HYPE/USDC, HYPE/USDC:USDC, XRP/USDC:USDC",None
2025-08-11,10066.545496442115,5,0,0.5,0.0,0.5,0.5,"BTC/USDC:USDC, ETH/USDC:USDC, HYPE/USDC, HYPE/USDC:USDC, XRP/USDC:USDC",None
2025-08-12,10241.294921410774,5,0,0.5,0.0,0.5,0.5,"BTC/USDC:USDC, ETH/USDC:USDC, HYPE/USDC, HYPE/USDC:USDC, XRP/USDC:USDC",None
2025-08-13,10423.49243886966,5,0,0.5,0.0,0.5,0.5,"BTC/USDC:USDC, ETH/USDC:USDC, HYPE/USDC, HYPE/USDC:USDC, XRP/USDC:USDC",None
2025-08-14,10186.171913490449,3,0,0.5,0.0,0.5,0.5,"BTC/USDC:USDC, ETH/USDC:USDC, XRP/USDC:USDC",None
2025-08-15,10132.375972920921,3,0,0.5,0.0,0.5,0.5,"BTC/USDC:USDC, ETH/USDC:USDC, XRP/USDC:USDC",None
2025-08-16,10135.390741927837,3,0,0.5,0.0,0.5,0.5,"BTC/USDC:USDC, ETH/USDC:USDC, XRP/USDC:USDC",None
2025-08-17,10143.775970413202,3,0,0.5,0.0,0.5,0.5,"BTC/USDC:USDC, ETH/USDC:USDC, XRP/USDC:USDC",None
2025-08-18,10062.148728388818,2,0,0.5,0.0,0.5,0.5,"BTC/USDC:USDC, ETH/USDC:USDC",None
2025-08-19,9875.726596079807,2,0,0.5000000000000001,0.0,0.5000000000000001,0.5000000000000001,"BTC/USDC:USDC, ETH/USDC:USDC",None
2025-08-20,10013.021817303897,2,0,0.5,0.0,0.5,0.5,"BTC/USDC:USDC, ETH/USDC:USDC",None
2025-08-21,9919.138405788937,2,0,0.5,0.0,0.5,0.5,"BTC/USDC:USDC, ETH/USDC:USDC",None
2025-08-22,10255.151070761442,2,0,0.5,0.0,0.5,0.5,"BTC/USDC:USDC, ETH/USDC:USDC",None
2025-08-23,10193.157910553058,2,0,0.5,0.0,0.5,0.5,"BTC/USDC:USDC, ETH/USDC:USDC",None
2025-08-24,10131.300866572286,3,0,0.5,0.0,0.5,0.5,"BTC/USDC:USDC, ETH/USDC:USDC, SOL/USDC:USDC",None
2025-08-25,9839.857759617047,3,0,0.5,0.0,0.5,0.5,"BTC/USDC:USDC, ETH/USDC:USDC, SOL/USDC:USDC",None
2025-08-26,9984.722959896273,3,0,0.5,0.0,0.5,0.5,"BTC/USDC:USDC, ETH/USDC:USDC, SOL/USDC:USDC",None
2025-08-27,9988.366990672572,5,0,0.5,0.0,0.5,0.5,"BTC/USDC:USDC, ETH/USDC:USDC, HYPE/USDC, HYPE/USDC:USDC, SOL/USDC:USDC",None
2025-08-28,10015.440395268464,5,0,0.5,0.0,0.5,0.5,"BTC/USDC:USDC, ETH/USDC:USDC, HYPE/USDC, HYPE/USDC:USDC, SOL/USDC:USDC",None
2025-08-29,9840.717765751424,5,0,0.5,0.0,0.5,0.5,"BTC/USDC:USDC, ETH/USDC:USDC, HYPE/USDC, HYPE/USDC:USDC, SOL/USDC:USDC",None
2025-08-30,9829.935819585111,5,0,0.5,0.0,0.5,0.5,"BTC/USDC:USDC, ETH/USDC:USDC, HYPE/USDC, HYPE/USDC:USDC, SOL/USDC:USDC",None
2025-08-31,9822.466120629453,5,0,0.5,0.0,0.5,0.5,"BTC/USDC:USDC, ETH/USDC:USDC, HYPE/USDC, HYPE/USDC:USDC, SOL/USDC:USDC",None
2025-09-01,9774.0670746329,5,0,0.5,0.0,0.5,0.5,"BTC/USDC:USDC, ETH/USDC:USDC, HYPE/USDC, HYPE/USDC:USDC, SOL/USDC:USDC",None
2025-09-02,9917.07921933335,5,0,0.5,0.0,0.5,0.5,"BTC/USDC:USDC, ETH/USDC:USDC, HYPE/USDC, HYPE/USDC:USDC, SOL/USDC:USDC",None
2025-09-03,9982.563212963512,5,0,0.5,0.0,0.5,0.5,"BTC/USDC:USDC, ETH/USDC:USDC, HYPE/USDC, HYPE/USDC:USDC, SOL/USDC:USDC",None
2025-09-04,9889.947136052075,5,0,0.5,0.0,0.5,0.5,"BTC/USDC:USDC, ETH/USDC:USDC, HYPE/USDC, HYPE/USDC:USDC, SOL/USDC:USDC",None
2025-09-05,9953.68860417392,5,0,0.5,0.0,0.5,0.5,"BTC/USDC:USDC, ETH/USDC:USDC, HYPE/USDC, HYPE/USDC:USDC, SOL/USDC:USDC",None
2025-09-06,9887.24607122052,5,0,0.5,0.0,0.5,0.5,"BTC/USDC:USDC, ETH/USDC:USDC, HYPE/USDC, HYPE/USDC:USDC, SOL/USDC:USDC",None
2025-09-07,9968.4244680609,5,0,0.5,0.0,0.5,0.5,"BTC/USDC:USDC, ETH/USDC:USDC, HYPE/USDC, HYPE/USDC:USDC, SOL/USDC:USDC",None
2025-09-08,10126.44081346064,5,0,0.5,0.0,0.5,0.5,"BTC/USDC:USDC, ETH/USDC:USDC, HYPE/USDC, HYPE/USDC:USDC, SOL/USDC:USDC",None
2025-09-09,10198.19850434526,5,0,0.5,0.0,0.5,0.5,"BTC/USDC:USDC, ETH/USDC:USDC, HYPE/USDC, HYPE/USDC:USDC, SOL/USDC:USDC",None
2025-09-10,10330.666551635652,5,0,0.5,0.0,0.5,0.5,"BTC/USDC:USDC, ETH/USDC:USDC, HYPE/USDC, HYPE/USDC:USDC, SOL/USDC:USDC",None
2025-09-11,10437.575783076813,5,0,0.5,0.0,0.5,0.5,"BTC/USDC:USDC, ETH/USDC:USDC, HYPE/USDC, HYPE/USDC:USDC, SOL/USDC:USDC",None
2025-09-12,10499.793736840842,5,0,0.5,0.0,0.5,0.5,"BTC/USDC:USDC, ETH/USDC:USDC, HYPE/USDC, HYPE/USDC:USDC, SOL/USDC:USDC",None
2025-09-13,10468.444552564528,6,0,0.5,0.0,0.5,0.5,"BTC/USDC:USDC, DOGE/USDC:USDC, ETH/USDC:USDC, HYPE/USDC, HYPE/USDC:USDC, SOL/USDC:USDC",None
2025-09-14,10396.417853465706,5,0,0.5,0.0,0.5,0.5,"DOGE/USDC:USDC, ETH/USDC:USDC, HYPE/USDC, HYPE/USDC:USDC, SOL/USDC:USDC",None
2025-09-15,10327.690221849334,5,0,0.5,0.0,0.5,0.5,"DOGE/USDC:USDC, ETH/USDC:USDC, HYPE/USDC, HYPE/USDC:USDC, SOL/USDC:USDC",None
2025-09-16,10355.307010517106,5,0,0.5,0.0,0.5,0.5,"DOGE/USDC:USDC, ETH/USDC:USDC, HYPE/USDC, HYPE/USDC:USDC, SOL/USDC:USDC",None
2025-09-17,10575.158594438371,5,0,0.5,0.0,0.5,0.5,"DOGE/USDC:USDC, ETH/USDC:USDC, HYPE/USDC, HYPE/USDC:USDC, SOL/USDC:USDC",None
2025-09-18,10602.556173071336,5,0,0.5,0.0,0.5,0.5,"DOGE/USDC:USDC, ETH/USDC:USDC, HYPE/USDC, HYPE/USDC:USDC, SOL/USDC:USDC",None
2025-09-19,10396.52933569526,5,0,0.5,0.0,0.5,0.5,"DOGE/USDC:USDC, ETH/USDC:USDC, HYPE/USDC, HYPE/USDC:USDC, SOL/USDC:USDC",None
2025-09-20,10344.958274757855,5,0,0.5,0.0,0.5,0.5,"DOGE/USDC:USDC, ETH/USDC:USDC, HYPE/USDC, HYPE/USDC:USDC, SOL/USDC:USDC",None
2025-09-21,10174.269944061103,5,1,0.4722834794659997,0.5,-0.02771652053400034,0.9722834794659997,"DOGE/USDC:USDC, ETH/USDC:USDC, HYPE/USDC, HYPE/USDC:USDC, SOL/USDC:USDC",XPL/USDC:USDC
2025-09-22,9189.02562099337,6,0,0.5,0.0,0.5,0.5,"DOGE/USDC:USDC, ETH/USDC:USDC, HYPE/USDC, HYPE/USDC:USDC, SOL/USDC:USDC, XPL/USDC:USDC",None
2025-09-23,9001.185904124492,6,0,0.5,0.0,0.5,0.5,"DOGE/USDC:USDC, ETH/USDC:USDC, HYPE/USDC, HYPE/USDC:USDC, SOL/USDC:USDC, XPL/USDC:USDC",None
2025-09-24,9074.54762332286,5,0,0.5,0.0,0.5,0.5,"DOGE/USDC:USDC, HYPE/USDC, HYPE/USDC:USDC, SOL/USDC:USDC, XPL/USDC:USDC",None
2025-09-25,8793.079523718898,5,0,0.5,0.0,0.5,0.5,"DOGE/USDC:USDC, HYPE/USDC, HYPE/USDC:USDC, SOL/USDC:USDC, XPL/USDC:USDC",None
2025-09-26,9102.807283396167,4,0,0.5,0.0,0.5,0.5,"DOGE/USDC:USDC, HYPE/USDC, HYPE/USDC:USDC, SOL/USDC:USDC",None
2025-09-27,9126.356032600479,4,0,0.5000000000000001,0.0,0.5000000000000001,0.5000000000000001,"DOGE/USDC:USDC, HYPE/USDC, HYPE/USDC:USDC, SOL/USDC:USDC",None
2025-09-28,9270.866163799632,4,0,0.5,0.0,0.5,0.5,"DOGE/USDC:USDC, HYPE/USDC, HYPE/USDC:USDC, SOL/USDC:USDC",None
2025-09-29,9227.79977382719,4,0,0.5,0.0,0.5,0.5,"DOGE/USDC:USDC, HYPE/USDC, HYPE/USDC:USDC, SOL/USDC:USDC",None
2025-09-30,9147.760509976142,4,0,0.5,0.0,0.5,0.5,"DOGE/USDC:USDC, HYPE/USDC, HYPE/USDC:USDC, SOL/USDC:USDC",None
2025-10-01,9406.18391435197,4,0,0.5,0.0,0.5,0.5,"DOGE/USDC:USDC, HYPE/USDC, HYPE/USDC:USDC, SOL/USDC:USDC",None
2025-10-02,9702.220672509839,4,0,0.5,0.0,0.5,0.5,"DOGE/USDC:USDC, HYPE/USDC, HYPE/USDC:USDC, SOL/USDC:USDC",None
2025-10-03,9612.901874077925,4,0,0.5,0.0,0.5,0.5,"DOGE/USDC:USDC, HYPE/USDC, HYPE/USDC:USDC, SOL/USDC:USDC",None
2025-10-04,9535.197208114749,4,0,0.5,0.0,0.5,0.5,"DOGE/USDC:USDC, HYPE/USDC, HYPE/USDC:USDC, SOL/USDC:USDC",None
2025-10-05,9511.485328974977,6,0,0.5,0.0,0.5,0.5,"BTC/USDC:USDC, DOGE/USDC:USDC, HYPE/USDC, HYPE/USDC:USDC, SOL/USDC:USDC, UBTC/USDC",None
2025-10-06,9555.00255269112,6,0,0.5,0.0,0.5,0.5,"BTC/USDC:USDC, DOGE/USDC:USDC, HYPE/USDC, HYPE/USDC:USDC, SOL/USDC:USDC, UBTC/USDC",None
2025-10-07,9373.248194617468,6,0,0.5,0.0,0.5,0.5,"BTC/USDC:USDC, DOGE/USDC:USDC, HYPE/USDC, HYPE/USDC:USDC, SOL/USDC:USDC, UBTC/USDC",None
2025-10-08,9486.908017054364,6,0,0.5,0.0,0.5,0.5,"BTC/USDC:USDC, DOGE/USDC:USDC, HYPE/USDC, HYPE/USDC:USDC, SOL/USDC:USDC, UBTC/USDC",None
2025-10-09,9360.259520815687,6,0,0.5,0.0,0.5,0.5,"BTC/USDC:USDC, DOGE/USDC:USDC, HYPE/USDC, HYPE/USDC:USDC, SOL/USDC:USDC, UBTC/USDC",None
2025-10-10,8810.659094300177,5,3,0.4528267617292811,0.5,-0.04717323827071889,0.9528267617292812,"BTC/USDC:USDC, HYPE/USDC, HYPE/USDC:USDC, SOL/USDC:USDC, UBTC/USDC","DOGE/USDC:USDC, XPL/USDC:USDC, XRP/USDC:USDC"
2025-10-11,8857.944250661156,5,3,0.4523903040402415,0.5,-0.047609695959758495,0.9523903040402415,"BTC/USDC:USDC, HYPE/USDC, HYPE/USDC:USDC, SOL/USDC:USDC, UBTC/USDC","DOGE/USDC:USDC, XPL/USDC:USDC, XRP/USDC:USDC"
2025-10-12,8702.309393970936,5,3,0.451567672465571,0.49999999999999994,-0.04843232753442898,0.951567672465571,"BTC/USDC:USDC, HYPE/USDC, HYPE/USDC:USDC, SOL/USDC:USDC, UBTC/USDC","DOGE/USDC:USDC, XPL/USDC:USDC, XRP/USDC:USDC"
2025-10-13,8669.430798533172,5,3,0.4507710684511826,0.5,-0.04922893154881745,0.9507710684511825,"BTC/USDC:USDC, HYPE/USDC, HYPE/USDC:USDC, SOL/USDC:USDC, UBTC/USDC","DOGE/USDC:USDC, XPL/USDC:USDC, XRP/USDC:USDC"
2025-10-14,8690.494331903337,5,3,0.5,0.5,0.0,1.0,"BTC/USDC:USDC, HYPE/USDC, HYPE/USDC:USDC, SOL/USDC:USDC, UBTC/USDC","DOGE/USDC:USDC, XPL/USDC:USDC, XRP/USDC:USDC"
2025-10-15,8707.945229064755,5,3,0.5,0.5000000000000001,-7.632783294297951e-17,1.0,"BTC/USDC:USDC, HYPE/USDC, HYPE/USDC:USDC, SOL/USDC:USDC, UBTC/USDC","DOGE/USDC:USDC, XPL/USDC:USDC, XRP/USDC:USDC"
2025-10-16,8783.040389031856,5,3,0.5,0.5,6.938893903907228e-18,1.0,"BTC/USDC:USDC, HYPE/USDC, HYPE/USDC:USDC, SOL/USDC:USDC, UBTC/USDC","DOGE/USDC:USDC, XPL/USDC:USDC, XRP/USDC:USDC"
2025-10-17,8790.07181023209,5,3,0.5,0.49999999999999994,4.85722573273506e-17,1.0,"BTC/USDC:USDC, HYPE/USDC, HYPE/USDC:USDC, SOL/USDC:USDC, UBTC/USDC","DOGE/USDC:USDC, XPL/USDC:USDC, XRP/USDC:USDC"
2025-10-18,8749.900951040296,5,3,0.5,0.5,0.0,1.0,"BTC/USDC:USDC, HYPE/USDC, HYPE/USDC:USDC, SOL/USDC:USDC, UBTC/USDC","DOGE/USDC:USDC, XPL/USDC:USDC, XRP/USDC:USDC"
2025-10-19,8729.20014750863,2,4,0.4673169883482115,0.5,-0.03268301165178851,0.9673169883482116,"BTC/USDC:USDC, UBTC/USDC","ASTER/USDC:USDC, DOGE/USDC:USDC, XPL/USDC:USDC, XRP/USDC:USDC"
2025-10-20,8716.528852427122,3,3,0.5,0.5,-6.938893903907228e-17,1.0,"ASTER/USDC:USDC, BTC/USDC:USDC, UBTC/USDC","DOGE/USDC:USDC, XPL/USDC:USDC, XRP/USDC:USDC"
2025-10-21,8708.783449624776,3,3,0.5,0.5,4.163336342344337e-17,1.0,"ASTER/USDC:USDC, BTC/USDC:USDC, UBTC/USDC","DOGE/USDC:USDC, XPL/USDC:USDC, XRP/USDC:USDC"
2025-10-22,8820.917570784826,3,3,0.49999999999999994,0.49999999999999994,0.0,0.9999999999999999,"ASTER/USDC:USDC, BTC/USDC:USDC, UBTC/USDC","DOGE/USDC:USDC, XPL/USDC:USDC, XRP/USDC:USDC"
2025-10-23,8875.81608350606,3,3,0.5,0.5,-7.632783294297951e-17,1.0,"ASTER/USDC:USDC, BTC/USDC:USDC, UBTC/USDC","DOGE/USDC:USDC, XPL/USDC:USDC, XRP/USDC:USDC"
